"","X","nm_v","gender"
"1",1,"marty","male"
"2",2,"ai-kyung",NA
"3",3,"wing","female"
"4",4,"yifang",NA
"5",5,"mivic",NA
"6",6,"lauifi",NA
"7",7,"c","male"
"8",8,"leslie","female"
"9",9,"shannon","female"
"10",10,"donnie","male"
"11",11,"siu-kwan",NA
"12",12,"rasmi","female"
"13",13,"l","female"
"14",14,"martien","female"
"15",15,"grad","male"
"16",16,"darcy","female"
"17",17,"ollie","male"
"18",18,"croce",NA
"19",19,"cantrez",NA
"20",20,"noel","male"
"21",21,"clementino",NA
"22",22,"brook","female"
"23",23,"chris","male"
"24",24,"arnie","male"
"25",25,"neree",NA
"26",26,"berglioth",NA
"27",27,"jimmie","male"
"28",28,"morgan","female"
"29",29,"amen","male"
"30",30,"ghodsi",NA
"31",31,"alexis","male"
"32",32,"ehrhardt",NA
"33",33,"lan","female"
"34",34,"chuteh",NA
"35",35,"surinderjeet",NA
"36",36,"tuamelie",NA
"37",37,"zhi","male"
"38",38,"lyn","female"
"39",39,"myo","male"
"40",40,"fe","female"
"41",41,"derio",NA
"42",42,"heralio",NA
"43",43,"raycardo",NA
"44",44,"hung-ming",NA
"45",45,"vitani",NA
"46",46,"anesto",NA
"47",47,"gin","female"
"48",48,"augustine","male"
"49",49,"waymen",NA
"50",50,"lannie","male"
"51",51,"shahnam",NA
"52",52,"gianrico",NA
"53",53,"irin","female"
"54",54,"terry","male"
"55",55,"jan","male"
"56",56,"kwixuan",NA
"57",57,"antenor","male"
"58",58,"manouchehr","male"
"59",59,"twyila",NA
"60",60,"firoozeh","female"
"61",61,"masa","male"
"62",62,"hue","female"
"63",63,"dien","female"
"64",64,"vagn","male"
"65",65,"moisa","female"
"66",66,"jamie","male"
"67",67,"tracy","female"
"68",68,"mojgan","female"
"69",69,"peiyue",NA
"70",70,"yusufu","male"
"71",71,"shotsy",NA
"72",72,"young","male"
"73",73,"wilmie",NA
"74",74,"g","male"
"75",75,"robin","female"
"76",76,"ping","female"
"77",77,"jia","female"
"78",78,"tae-wol",NA
"79",79,"ip","male"
"80",80,"kenwade",NA
"81",81,"kris","male"
"82",82,"ja","male"
"83",83,"k","male"
"84",84,"kit","male"
"85",85,"sujung","female"
"86",86,"sandy","female"
"87",87,"j","male"
"88",88,"kelly","female"
"89",89,"cheung","male"
"90",90,"jo","female"
"91",91,"vakil",NA
"92",92,"shayne","male"
"93",93,"joo-han",NA
"94",94,"jody","female"
"95",95,"rose-ellen","female"
"96",96,"hsinmei",NA
"97",97,"ricci","female"
"98",98,"siulagi",NA
"99",99,"lope","male"
"100",100,"arlin","female"
"101",101,"lorge",NA
"102",102,"marshell","female"
"103",103,"morgen","female"
"104",104,"allyn","female"
"105",105,"rene","male"
"106",106,"stevie","male"
"107",107,"al","male"
"108",108,"triscila",NA
"109",109,"jignesh","male"
"110",110,"lanair","male"
"111",111,"cristeo",NA
"112",112,"baotram",NA
"113",113,"jordan","male"
"114",114,"milanda","female"
"115",115,"dalisay","female"
"116",116,"hendryck","male"
"117",117,"jessie","female"
"118",118,"shawn","male"
"119",119,"jacky","male"
"120",120,"gale","female"
"121",121,"pilar","female"
"122",122,"sidney","male"
"123",123,"jaime","male"
"124",124,"zihong",NA
"125",125,"kjeld","male"
"126",126,"chee","male"
"127",127,"kim","female"
"128",128,"hansjuerg",NA
"129",129,"yoon","female"
"130",130,"lok","male"
"131",131,"britt","female"
"132",132,"gliceria",NA
"133",133,"cheong","male"
"134",134,"blesilda",NA
"135",135,"asit","male"
"136",136,"josey","female"
"137",137,"nhon-tuan",NA
"138",138,"takafumi","male"
"139",139,"laverne","female"
"140",140,"kulvindar",NA
"141",141,"hong","male"
"142",142,"merceditas","female"
"143",143,"anka-yuen",NA
"144",144,"donyale","female"
"145",145,"marrialee",NA
"146",146,"bicka",NA
"147",147,"villamor","male"
"148",148,"merjo",NA
"149",149,"thi","female"
"150",150,"shiaw-huei",NA
"151",151,"phoenix","female"
"152",152,"surendrakuma",NA
"153",153,"manohar","male"
"154",154,"beng","female"
"155",155,"elisha","female"
"156",156,"demarris",NA
"157",157,"khae","female"
"158",158,"lynn","female"
"159",159,"eigil","male"
"160",160,"lee","male"
"161",161,"chuwei",NA
"162",162,"uwem","female"
"163",163,"kok","male"
"164",164,"reese","male"
"165",165,"jihyeon",NA
"166",166,"shailen","male"
"167",167,"shanon","female"
"168",168,"angel","male"
"169",169,"rosario","female"
"170",170,"roshawn","female"
"171",171,"wai","male"
"172",172,"chung-shing",NA
"173",173,"pureza",NA
"174",174,"eden","female"
"175",175,"roselo",NA
"176",176,"marila","female"
"177",177,"rumi","female"
"178",178,"carmen","female"
"179",179,"shelby","female"
"180",180,"sanjai","male"
"181",181,"tomie","male"
"182",182,"kerby","male"
"183",183,"foo","male"
"184",184,"milen","male"
"185",185,"albern",NA
"186",186,"rexie",NA
"187",187,"ermelina",NA
"188",188,"r","male"
"189",189,"paris","female"
"190",190,"rudizon",NA
"191",191,"qinhua",NA
"192",192,"meei-lih",NA
"193",193,"houshang","male"
"194",194,"mabal",NA
"195",195,"teming",NA
"196",196,"belena","female"
"197",197,"h","male"
"198",198,"iheoma",NA
"199",199,"marife","female"
"200",200,"purificacion","female"
"201",201,"ha","female"
"202",202,"tamerat",NA
"203",203,"octavio-jame",NA
"204",204,"shui",NA
"205",205,"andi","male"
"206",206,"yong","male"
"207",207,"qiaolan",NA
"208",208,"kwai","female"
"209",209,"babe","female"
"210",210,"besilda",NA
"211",211,"ali","male"
"212",212,"lin","female"
"213",213,"kelley","female"
"214",214,"britton","male"
"215",215,"haeju",NA
"216",216,"evyn","female"
"217",217,"osmundo","male"
"218",218,"kam","female"
"219",219,"flynn","male"
"220",220,"marifi",NA
"221",221,"ronie","male"
"222",222,"jayme","female"
"223",223,"shilu","female"
"224",224,"carolino",NA
"225",225,"darby","female"
"226",226,"kunthea","male"
"227",227,"privado",NA
"228",228,"wei","female"
"229",229,"mee-loi",NA
"230",230,"hemalatha","female"
"231",231,"seeranee",NA
"232",232,"birhanu",NA
"233",233,"ma","female"
"234",234,"thip",NA
"235",235,"sisinia",NA
"236",236,"kitt","female"
"237",237,"fidelita",NA
"238",238,"sirinirundor",NA
"239",239,"noime","female"
"240",240,"shuang","female"
"241",241,"yu-lang",NA
"242",242,"val","female"
"243",243,"iqbalbhai",NA
"244",244,"ocean","female"
"245",245,"yu-ruo",NA
"246",246,"honesto",NA
"247",247,"tilafaiga",NA
"248",248,"asteria","female"
"249",249,"shawne",NA
"250",250,"chiu","female"
"251",251,"sagiv","male"
"252",252,"darton",NA
"253",253,"winilyn",NA
"254",254,"lie","male"
"255",255,"kerry","female"
"256",256,"dung","male"
"257",257,"kendall","male"
"258",258,"sunny","male"
"259",259,"yingming",NA
"260",260,"stacy","female"
"261",261,"chaigne",NA
"262",262,"jacque","female"
"263",263,"scoty",NA
"264",264,"mariabene",NA
"265",265,"tajel",NA
"266",266,"fu-ki",NA
"267",267,"rondaa",NA
"268",268,"purita","female"
"269",269,"cary","male"
"270",270,"m","male"
"271",271,"blair","male"
"272",272,"marialuz","female"
"273",273,"begonia","female"
"274",274,"sueon",NA
"275",275,"han","male"
"276",276,"nimfa","female"
"277",277,"j.carlito",NA
"278",278,"chinli",NA
"279",279,"micha","male"
"280",280,"seng","male"
"281",281,"carmel","female"
"282",282,"monaliza","female"
"283",283,"rosahlie",NA
"284",284,"guadalupe","female"
"285",285,"oi","male"
"286",286,"nenita","female"
"287",287,"niratisai",NA
"288",288,"yu-chin","male"
"289",289,"bettrietta",NA
"290",290,"aleem-ullah",NA
"291",291,"ying","female"
"292",292,"dontina",NA
"293",293,"jung","female"
"294",294,"qingwen",NA
"295",295,"chi","female"
"296",296,"robbin","female"
"297",297,"ariel","male"
"298",298,"shu-mei",NA
"299",299,"mienrado",NA
"300",300,"regiland",NA
"301",301,"glacier",NA
"302",302,"riley","male"
"303",303,"shino","male"
"304",304,"apolinaria",NA
"305",305,"sung","male"
"306",306,"dijaida",NA
"307",307,"mengkry",NA
"308",308,"shiu","female"
"309",309,"kailin","female"
"310",310,"chesi","male"
"311",311,"jayum",NA
"312",312,"jhoyet",NA
"313",313,"jinky","female"
"314",314,"willion",NA
"315",315,"aurene",NA
"316",316,"jin","male"
"317",317,"peterkent",NA
"318",318,"willie","male"
"319",319,"summco",NA
"320",320,"yihui",NA
"321",321,"omozele",NA
"322",322,"dee","female"
"323",323,"almen","female"
"324",324,"tal","female"
"325",325,"rory","male"
"326",326,"gyanandra",NA
"327",327,"brahman",NA
"328",328,"aljun","male"
"329",329,"alpha","male"
"330",330,"audry","female"
"331",331,"san","male"
"332",332,"chahmal",NA
"333",333,"ming","male"
"334",334,"dana","female"
"335",335,"pat","female"
"336",336,"xing","female"
"337",337,"melandro","male"
"338",338,"tauva'a",NA
"339",339,"buu","female"
"340",340,"chia","female"
"341",341,"huo",NA
"342",342,"emrulkayes",NA
"343",343,"amsale",NA
"344",344,"bharti","female"
"345",345,"vo","male"
"346",346,"tiecheng","male"
"347",347,"lenida",NA
"348",348,"jiaye",NA
"349",349,"sreedharan",NA
"350",350,"luenna",NA
"351",351,"clare","female"
"352",352,"wai-ken",NA
"353",353,"yeoman",NA
"354",354,"fely","female"
"355",355,"bren","female"
"356",356,"sailing",NA
"357",357,"thanet",NA
"358",358,"neilvin",NA
"359",359,"lauris","female"
"360",360,"woon","male"
"361",361,"siu","female"
"362",362,"salome","female"
"363",363,"an-binh",NA
"364",364,"wai-ming",NA
"365",365,"jovy","female"
"366",366,"sheryon",NA
"367",367,"tai","male"
"368",368,"lormita",NA
"369",369,"arcelita",NA
"370",370,"osnat","female"
"371",371,"naimesh",NA
"372",372,"weishao",NA
"373",373,"manito","male"
"374",374,"fateeha",NA
"375",375,"chu-fei",NA
"376",376,"narinder","male"
"377",377,"lesley","female"
"378",378,"wallis","female"
"379",379,"mongkol","male"
"380",380,"culbert",NA
"381",381,"nylette",NA
"382",382,"bi","female"
"383",383,"joaquinn",NA
"384",384,"rain","female"
"385",385,"sukhwant","male"
"386",386,"jo-theresa",NA
"387",387,"bela","female"
"388",388,"mikyung","female"
"389",389,"min","female"
"390",390,"ding","female"
"391",391,"freddie","male"
"392",392,"cornaal",NA
"393",393,"seyoum",NA
"394",394,"shermineh",NA
"395",395,"hydra",NA
"396",396,"keita","male"
"397",397,"michal","male"
"398",398,"kristian","male"
"399",399,"yan","male"
"400",400,"tzulin",NA
"401",401,"eutemio",NA
"402",402,"edilynn",NA
"403",403,"zexu",NA
"404",404,"ernanie",NA
"405",405,"macheal",NA
"406",406,"le","female"
"407",407,"dorian","male"
"408",408,"ifvon",NA
"409",409,"micah","male"
"410",410,"linling",NA
"411",411,"dannie","female"
"412",412,"hratch",NA
"413",413,"torrie","female"
"414",414,"arceo",NA
"415",415,"marilen","female"
"416",416,"sushila","female"
"417",417,"aklilu","male"
"418",418,"fengyi",NA
"419",419,"teodros",NA
"420",420,"rosa-leah",NA
"421",421,"miguelita",NA
"422",422,"sansan","female"
"423",423,"vilaska",NA
"424",424,"hasija",NA
"425",425,"huitier",NA
"426",426,"wanxia",NA
"427",427,"nomerita",NA
"428",428,"holland","male"
"429",429,"hsiao-lung",NA
"430",430,"justin-paul",NA
"431",431,"minh","male"
"432",432,"suan","female"
"433",433,"ismaya",NA
"434",434,"orpheos",NA
"435",435,"chusaketpisalsilp",NA
"436",436,"panetta","male"
"437",437,"nakhamphone",NA
"438",438,"jackvin",NA
"439",439,"sherdan",NA
"440",440,"rosiana","female"
"441",441,"thanh","female"
"442",442,"faenetta",NA
"443",443,"hui-fang",NA
"444",444,"sonsire",NA
"445",445,"leovina",NA
"446",446,"cesli",NA
"447",447,"duk-soo",NA
"448",448,"kiyotaka",NA
"449",449,"tommie","male"
"450",450,"filipinas",NA
"451",451,"chien-ping","male"
"452",452,"norlissa",NA
"453",453,"deniz","female"
"454",454,"de","male"
"455",455,"kendal","female"
"456",456,"salla","female"
"457",457,"santokh","male"
"458",458,"aregawie",NA
"459",459,"yulan","female"
"460",460,"weizhong",NA
"461",461,"paulnite",NA
"462",462,"deilah",NA
"463",463,"sum","male"
"464",464,"nadereh","female"
"465",465,"chi-ich",NA
"466",466,"yim","male"
"467",467,"su","female"
"468",468,"peter-kwadwo",NA
"469",469,"keanway",NA
"470",470,"reineres",NA
"471",471,"shamideh",NA
"472",472,"jiayo",NA
"473",473,"avery","female"
"474",474,"virdis","female"
"475",475,"chieng","female"
"476",476,"nerivaldo",NA
"477",477,"demetrece",NA
"478",478,"france","female"
"479",479,"joale",NA
"480",480,"candette",NA
"481",481,"lai","female"
"482",482,"keent",NA
"483",483,"kirit","male"
"484",484,"chong","male"
"485",485,"carel","male"
"486",486,"bailey","female"
"487",487,"theoatis",NA
"488",488,"kahri",NA
"489",489,"tynithia",NA
"490",490,"jammie","female"
"491",491,"so-man",NA
"492",492,"giday",NA
"493",493,"taeeun",NA
"494",494,"pornsowang",NA
"495",495,"edraline",NA
"496",496,"lenie","female"
"497",497,"joern","male"
"498",498,"yuri","female"
"499",499,"shuk","female"
"500",500,"xiaojun","female"
"501",501,"osha",NA
"502",502,"corlina",NA
"503",503,"anothai",NA
"504",504,"purisima",NA
"505",505,"wo",NA
"506",506,"faiva",NA
"507",507,"t",NA
"508",508,"po",NA
"509",509,"edenora",NA
"510",510,"khun",NA
"511",511,"ginitta",NA
"512",512,"yuang-tam",NA
"513",513,"e",NA
"514",514,"jignasa",NA
"515",515,"ai",NA
"516",516,"el",NA
"517",517,"almer",NA
"518",518,"chung-mo",NA
"519",519,"rinaldi",NA
"520",520,"sher",NA
"521",521,"ho",NA
"522",522,"li",NA
"523",523,"yeon",NA
"524",524,"hegla",NA
"525",525,"wan",NA
"526",526,"luckshalla",NA
"527",527,"hoa",NA
"528",528,"naushad",NA
"529",529,"masby",NA
"530",530,"naiyapakorn",NA
"531",531,"merritt",NA
"532",532,"fortune",NA
"533",533,"gare",NA
"534",534,"corinina",NA
"535",535,"level",NA
"536",536,"jonray",NA
"537",537,"chhunmeng",NA
"538",538,"siu-mei",NA
"539",539,"tjade",NA
"540",540,"chenxi",NA
"541",541,"flordeliza",NA
"542",542,"wynnie",NA
"543",543,"jianmin",NA
"544",544,"craigabian",NA
"545",545,"deogracias",NA
"546",546,"refugio",NA
"547",547,"prester",NA
"548",548,"marie-france",NA
"549",549,"kanchana",NA
"550",550,"ruo",NA
"551",551,"glorina",NA
"552",552,"waikit",NA
"553",553,"pauler",NA
"554",554,"ruvinson",NA
"555",555,"dolotrenne",NA
"556",556,"shaona",NA
"557",557,"dao",NA
"558",558,"kofo",NA
"559",559,"leigh",NA
"560",560,"pauson",NA
"561",561,"jensen",NA
"562",562,"mohanned",NA
"563",563,"sandylyn",NA
"564",564,"koa",NA
"565",565,"lovell",NA
"566",566,"kyin",NA
"567",567,"jnell",NA
"568",568,"f",NA
"569",569,"santos",NA
"570",570,"an",NA
"571",571,"tabin",NA
"572",572,"wen",NA
"573",573,"sherban",NA
"574",574,"farokh",NA
"575",575,"zhan",NA
"576",576,"hayden",NA
"577",577,"rassendyll",NA
"578",578,"kai",NA
"579",579,"guo",NA
"580",580,"malkeet",NA
"581",581,"gaylicia",NA
"582",582,"honorea",NA
"583",583,"jinyi",NA
"584",584,"zan",NA
"585",585,"mikky",NA
"586",586,"joey",NA
"587",587,"mi",NA
"588",588,"melende",NA
"589",589,"p",NA
"590",590,"jovilo",NA
"591",591,"anh",NA
"592",592,"odell",NA
"593",593,"saravut",NA
"594",594,"alosio",NA
"595",595,"channing",NA
"596",596,"nike",NA
"597",597,"wilrolan",NA
"598",598,"liping",NA
"599",599,"fatiisha",NA
"600",600,"azuncion",NA
"601",601,"adorable",NA
"602",602,"manconia",NA
"603",603,"dolson",NA
"604",604,"simoun",NA
"605",605,"kurian",NA
"606",606,"fariborz",NA
"607",607,"tomasintak",NA
"608",608,"johnnie",NA
"609",609,"channin",NA
"610",610,"sau",NA
"611",611,"welson",NA
"612",612,"kingman",NA
"613",613,"bao",NA
"614",614,"mylan",NA
"615",615,"segundina",NA
"616",616,"lu",NA
"617",617,"yu",NA
"618",618,"metia",NA
"619",619,"bobbie",NA
"620",620,"ko",NA
"621",621,"divinio",NA
"622",622,"eunshin",NA
"623",623,"pein",NA
"624",624,"julanda",NA
"625",625,"josu",NA
"626",626,"si",NA
"627",627,"shome",NA
"628",628,"wuthea",NA
"629",629,"sahistha",NA
"630",630,"jan'l",NA
"631",631,"chindy",NA
"632",632,"amor",NA
"633",633,"binggang",NA
"634",634,"rasuul",NA
"635",635,"inee",NA
"636",636,"ebbie",NA
"637",637,"wee",NA
"638",638,"estifanos",NA
"639",639,"balgopal",NA
"640",640,"slobodan",NA
"641",641,"patcharin",NA
"642",642,"cleoris",NA
"643",643,"batiste",NA
"644",644,"regidor",NA
"645",645,"reymilan",NA
"646",646,"lome",NA
"647",647,"thao",NA
"648",648,"jurnation",NA
"649",649,"nikon",NA
"650",650,"junise",NA
"651",651,"laine",NA
"652",652,"teenchee",NA
"653",653,"paramjit",NA
"654",654,"terrill",NA
"655",655,"tinnetta",NA
"656",656,"merwan",NA
"657",657,"ricarlito",NA
"658",658,"zaldy",NA
"659",659,"sululagi",NA
"660",660,"rojana",NA
"661",661,"aris",NA
"662",662,"ekerette",NA
"663",663,"rhaymond",NA
"664",664,"dougan",NA
"665",665,"miranti",NA
"666",666,"marvelin",NA
"667",667,"yao-ming",NA
"668",668,"catania",NA
"669",669,"huayun",NA
"670",670,"netanili",NA
"671",671,"arkadiy",NA
"672",672,"rontonette",NA
"673",673,"kim-lien",NA
"674",674,"redeena",NA
"675",675,"tszlap",NA
"676",676,"ardis",NA
"677",677,"arabi",NA
"678",678,"talitoelau",NA
"679",679,"mohmadhanif",NA
"680",680,"deneille",NA
"681",681,"raphroger",NA
"682",682,"mamdouh",NA
"683",683,"eng",NA
"684",684,"taylor",NA
"685",685,"supremie",NA
"686",686,"esneider",NA
"687",687,"vanessie",NA
"688",688,"berdj",NA
"689",689,"ronilda",NA
"690",690,"xiaoxia",NA
"691",691,"sing",NA
"692",692,"second",NA
"693",693,"saru",NA
"694",694,"thu-yen",NA
"695",695,"xihui",NA
"696",696,"jaye",NA
"697",697,"deljuanna",NA
"698",698,"bo-ming",NA
"699",699,"loi",NA
"700",700,"ceciel",NA
"701",701,"tetyana",NA
"702",702,"otmar",NA
"703",703,"kin-man",NA
"704",704,"criss",NA
"705",705,"tee",NA
"706",706,"frishtah",NA
"707",707,"shu-jiuan",NA
"708",708,"vawanda",NA
"709",709,"puneet",NA
"710",710,"juno",NA
"711",711,"marlo",NA
"712",712,"noida",NA
"713",713,"petronio",NA
"714",714,"rumella",NA
"715",715,"ty",NA
"716",716,"linaflor",NA
"717",717,"kwe",NA
"718",718,"jenjerome",NA
"719",719,"shu",NA
"720",720,"perlarien",NA
"721",721,"launce",NA
"722",722,"runjohnya",NA
"723",723,"tomiquia",NA
"724",724,"illiad",NA
"725",725,"yohandris",NA
"726",726,"kwong",NA
"727",727,"edvida",NA
"728",728,"he",NA
"729",729,"ku",NA
"730",730,"jere",NA
"731",731,"yeung",NA
"732",732,"luvimin",NA
"733",733,"trini",NA
"734",734,"shan",NA
"735",735,"liet",NA
"736",736,"tienthang",NA
"737",737,"gracita",NA
"738",738,"dilak",NA
"739",739,"irella",NA
"740",740,"juawn",NA
"741",741,"flordescita",NA
"742",742,"tamar",NA
"743",743,"concepcion",NA
"744",744,"baljeet",NA
"745",745,"callistus",NA
"746",746,"gida",NA
"747",747,"natividad",NA
"748",748,"yan-yan",NA
"749",749,"yoshimi",NA
"750",750,"yue",NA
"751",751,"rugene",NA
"752",752,"cuc",NA
"753",753,"audie",NA
"754",754,"damyanti",NA
"755",755,"yongwen",NA
"756",756,"theodule",NA
"757",757,"pierre-josep",NA
"758",758,"jianming",NA
"759",759,"olee",NA
"760",760,"emelito",NA
"761",761,"lonarice",NA
"762",762,"davidcres",NA
"763",763,"kabine",NA
"764",764,"muwafaq",NA
"765",765,"hinaben",NA
"766",766,"yi",NA
"767",767,"alyonik",NA
"768",768,"camelin",NA
"769",769,"aubury",NA
"770",770,"rosseni",NA
"771",771,"reymont",NA
"772",772,"sanh",NA
"773",773,"lafernita",NA
"774",774,"abdelmoniem",NA
"775",775,"thet",NA
"776",776,"kaumil",NA
"777",777,"hua",NA
"778",778,"bimayendra",NA
"779",779,"mika",NA
"780",780,"masis",NA
"781",781,"meldy",NA
"782",782,"rizaldy",NA
"783",783,"cliton",NA
"784",784,"bounmy",NA
"785",785,"shashikant",NA
"786",786,"tsombe",NA
"787",787,"ismaelito",NA
"788",788,"hoi",NA
"789",789,"otha",NA
"790",790,"quansing",NA
"791",791,"quyen",NA
"792",792,"selormey",NA
"793",793,"shashikala",NA
"794",794,"guozhen",NA
"795",795,"siaki",NA
"796",796,"berhane",NA
"797",797,"barinder",NA
"798",798,"farrokh",NA
"799",799,"jovencio",NA
"800",800,"leleon",NA
"801",801,"yoshifumi",NA
"802",802,"siegeried",NA
"803",803,"bennie",NA
"804",804,"casey",NA
"805",805,"jovic",NA
"806",806,"demaster",NA
"807",807,"phuong",NA
"808",808,"nemesia",NA
"809",809,"thai",NA
"810",810,"sukhjinder",NA
"811",811,"diosdado",NA
"812",812,"hop",NA
"813",813,"a",NA
"814",814,"carey",NA
"815",815,"cheelin",NA
"816",816,"ka",NA
"817",817,"hyun",NA
"818",818,"nebyat",NA
"819",819,"roszena",NA
"820",820,"juyi",NA
"821",821,"geir",NA
"822",822,"proceso",NA
"823",823,"waykin",NA
"824",824,"semen",NA
"825",825,"chun",NA
"826",826,"verwina",NA
"827",827,"yanyuan",NA
"828",828,"ibiyemi",NA
"829",829,"hongmai",NA
"830",830,"bernett",NA
"831",831,"johnie",NA
"832",832,"benjaporn",NA
"833",833,"sojeatta",NA
"834",834,"karan",NA
"835",835,"tamam",NA
"836",836,"marynella",NA
"837",837,"grand",NA
"838",838,"youmans",NA
"839",839,"fiatamalii",NA
"840",840,"raynell",NA
"841",841,"sarjit",NA
"842",842,"sirak",NA
"843",843,"sophak",NA
"844",844,"suphot",NA
"845",845,"lisardo",NA
"846",846,"mei-phee",NA
"847",847,"mariakristel",NA
"848",848,"crispo",NA
"849",849,"lei-chun",NA
"850",850,"redentor",NA
"851",851,"sok",NA
"852",852,"kumsa",NA
"853",853,"waiman",NA
"854",854,"dusson",NA
"855",855,"moges",NA
"856",856,"uton",NA
"857",857,"pernita",NA
"858",858,"prisco",NA
"859",859,"cusanda",NA
"860",860,"jewel",NA
"861",861,"sajja",NA
"862",862,"isagani",NA
"863",863,"toby",NA
"864",864,"adell",NA
"865",865,"nuri",NA
"866",866,"abebe",NA
"867",867,"frevelino",NA
"868",868,"bo",NA
"869",869,"blue",NA
"870",870,"inthanong",NA
"871",871,"sherife",NA
"872",872,"jhulie",NA
"873",873,"melinka",NA
"874",874,"angevic",NA
"875",875,"y",NA
"876",876,"etsuyo",NA
"877",877,"yee",NA
"878",878,"grace-julita",NA
"879",879,"schlene",NA
"880",880,"marievale",NA
"881",881,"marialania",NA
"882",882,"edwino",NA
"883",883,"rauderick",NA
"884",884,"meggy",NA
"885",885,"ernalyn",NA
"886",886,"zi-ming",NA
"887",887,"vinitainivas-levet",NA
"888",888,"kwoon",NA
"889",889,"gonzalina",NA
"890",890,"mulenga",NA
"891",891,"dellfinia",NA
"892",892,"joo",NA
"893",893,"wei-min",NA
"894",894,"hien",NA
"895",895,"ramoncito",NA
"896",896,"jio",NA
"897",897,"kmel",NA
"898",898,"tipiloma",NA
"899",899,"cab",NA
"900",900,"citania",NA
"901",901,"ed",NA
"902",902,"me",NA
"903",903,"lorceli",NA
"904",904,"ziliang",NA
"905",905,"yun",NA
"906",906,"ho-yin",NA
"907",907,"regan",NA
"908",908,"wen-chin",NA
"909",909,"jerna",NA
"910",910,"servillana",NA
"911",911,"baonga",NA
"912",912,"alva",NA
"913",913,"fay",NA
"914",914,"houmpheng",NA
"915",915,"lucifar",NA
"916",916,"rodante",NA
"917",917,"gee-sing",NA
"918",918,"marthalina",NA
"919",919,"romelito",NA
"920",920,"tufoua",NA
"921",921,"abdessamad",NA
"922",922,"makulata",NA
"923",923,"iosefatu",NA
"924",924,"yalemzwed",NA
"925",925,"alemash",NA
"926",926,"adoracion",NA
"927",927,"harolynne",NA
"928",928,"olurazhidaan",NA
"929",929,"moon",NA
"930",930,"vilom",NA
"931",931,"bipina",NA
"932",932,"valentine",NA
"933",933,"pathima",NA
"934",934,"perrie",NA
"935",935,"july",NA
"936",936,"sholey",NA
"937",937,"horencio",NA
"938",938,"quindi",NA
"939",939,"yongjie",NA
"940",940,"shu-chun",NA
"941",941,"hakam",NA
"942",942,"cyvette",NA
"943",943,"florante",NA
"944",944,"sun",NA
"945",945,"chui",NA
"946",946,"milagrosa",NA
"947",947,"chito",NA
"948",948,"cienesha",NA
"949",949,"ara",NA
"950",950,"stanulus",NA
"951",951,"cao",NA
"952",952,"amnon",NA
"953",953,"senio",NA
"954",954,"lifeng",NA
"955",955,"girma-worku",NA
"956",956,"peihua",NA
"957",957,"pj",NA
"958",958,"ari",NA
"959",959,"meibek",NA
"960",960,"novalina",NA
"961",961,"haafe",NA
"962",962,"romena",NA
"963",963,"bundit",NA
"964",964,"jorving",NA
"965",965,"jeanulilia",NA
"966",966,"sraddha",NA
"967",967,"aneetinder",NA
"968",968,"nicamer",NA
"969",969,"edmer",NA
"970",970,"liceria",NA
"971",971,"yuet",NA
"972",972,"corie",NA
"973",973,"licerio",NA
"974",974,"nakari",NA
"975",975,"quincy",NA
"976",976,"rawling",NA
"977",977,"salvacion",NA
"978",978,"jenken",NA
"979",979,"veherlene",NA
"980",980,"avinadar",NA
"981",981,"armagodon",NA
"982",982,"glor1a",NA
"983",983,"korey",NA
"984",984,"amelito",NA
"985",985,"anene",NA
"986",986,"chinaka",NA
"987",987,"zhengwen",NA
"988",988,"zhuo",NA
"989",989,"devonce",NA
"990",990,"goodrich",NA
"991",991,"robbie",NA
"992",992,"leonilo",NA
"993",993,"monu",NA
"994",994,"lennie",NA
"995",995,"umphrey",NA
"996",996,"shwe",NA
"997",997,"hwa",NA
"998",998,"khamphone",NA
"999",999,"yunshan",NA
"1000",1000,"buckman",NA
"1001",1001,"lupe",NA
"1002",1002,"my",NA
"1003",1003,"arthur-sam",NA
"1004",1004,"rudi",NA
"1005",1005,"melson",NA
"1006",1006,"maw",NA
"1007",1007,"cruz",NA
"1008",1008,"jackie",NA
"1009",1009,"juancho",NA
"1010",1010,"suh-wung",NA
"1011",1011,"aniana",NA
"1012",1012,"mamiko",NA
"1013",1013,"ramekon",NA
"1014",1014,"yegger",NA
"1015",1015,"il",NA
"1016",1016,"linh",NA
"1017",1017,"alberic",NA
"1018",1018,"melinea",NA
"1019",1019,"shiou",NA
"1020",1020,"carlos-anton",NA
"1021",1021,"destin",NA
"1022",1022,"phillup",NA
"1023",1023,"shiu-gook",NA
"1024",1024,"yukswa",NA
"1025",1025,"liong",NA
"1026",1026,"marion",NA
"1027",1027,"chimmy",NA
"1028",1028,"jander",NA
"1029",1029,"lutrell",NA
"1030",1030,"m.",NA
"1031",1031,"anzhong",NA
"1032",1032,"tuti",NA
"1033",1033,"tsun",NA
"1034",1034,"roshedy",NA
"1035",1035,"arlyn",NA
"1036",1036,"anne-christi",NA
"1037",1037,"lih-meei",NA
"1038",1038,"pouran",NA
"1039",1039,"loverne",NA
"1040",1040,"chia-ling",NA
"1041",1041,"dohrman",NA
"1042",1042,"zhuoxin",NA
"1043",1043,"armantina",NA
"1044",1044,"mullane",NA
"1045",1045,"abdol",NA
"1046",1046,"kulwant",NA
"1047",1047,"amarita",NA
"1048",1048,"ataklti",NA
"1049",1049,"hazam",NA
"1050",1050,"monnie",NA
"1051",1051,"nien",NA
"1052",1052,"du",NA
"1053",1053,"doniki",NA
"1054",1054,"xanthy",NA
"1055",1055,"yorsy",NA
"1056",1056,"padmanaba",NA
"1057",1057,"clair",NA
"1058",1058,"staycee",NA
"1059",1059,"chan",NA
"1060",1060,"shih",NA
"1061",1061,"dovia",NA
"1062",1062,"sherrill",NA
"1063",1063,"isheal",NA
"1064",1064,"andree",NA
"1065",1065,"crezia",NA
"1066",1066,"sogra",NA
"1067",1067,"almerita",NA
"1068",1068,"mingde",NA
"1069",1069,"miryo",NA
"1070",1070,"zhaoting",NA
"1071",1071,"jonathan-dat",NA
"1072",1072,"peachy",NA
"1073",1073,"tuy-viet",NA
"1074",1074,"hijasmin",NA
"1075",1075,"reynan",NA
"1076",1076,"marlen",NA
"1077",1077,"azhar",NA
"1078",1078,"frankie",NA
"1079",1079,"suet",NA
"1080",1080,"dwennette",NA
"1081",1081,"ayodele",NA
"1082",1082,"somay",NA
"1083",1083,"romarr",NA
"1084",1084,"kellin",NA
"1085",1085,"iyabode",NA
"1086",1086,"carman",NA
"1087",1087,"krute",NA
"1088",1088,"dadisi",NA
"1089",1089,"consolacion",NA
"1090",1090,"tinhha",NA
"1091",1091,"angelberto",NA
"1092",1092,"kamson",NA
"1093",1093,"qihong",NA
"1094",1094,"deleslie",NA
"1095",1095,"elyria",NA
"1096",1096,"zosima",NA
"1097",1097,"veronidia",NA
"1098",1098,"sounthone",NA
"1099",1099,"tai-yung",NA
"1100",1100,"checil",NA
"1101",1101,"yuvetta",NA
"1102",1102,"debbonyce",NA
"1103",1103,"nadita",NA
"1104",1104,"tran",NA
"1105",1105,"laryta",NA
"1106",1106,"sytana",NA
"1107",1107,"dorben",NA
"1108",1108,"rossaly",NA
"1109",1109,"zuri",NA
"1110",1110,"deysire",NA
"1111",1111,"shinderpal",NA
"1112",1112,"leovie",NA
"1113",1113,"lalesh",NA
"1114",1114,"falilat",NA
"1115",1115,"merle",NA
"1116",1116,"xin",NA
"1117",1117,"valdery",NA
"1118",1118,"leinda",NA
"1119",1119,"lenoa",NA
"1120",1120,"afrozan",NA
"1121",1121,"rosallie",NA
"1122",1122,"cherk",NA
"1123",1123,"jaubair",NA
"1124",1124,"divine",NA
"1125",1125,"zhengping",NA
"1126",1126,"otutoa",NA
"1127",1127,"lavelle",NA
"1128",1128,"beben",NA
"1129",1129,"winifreda",NA
"1130",1130,"weirong",NA
"1131",1131,"yun-chen",NA
"1132",1132,"fenny",NA
"1133",1133,"demissie",NA
"1134",1134,"kaku",NA
"1135",1135,"karol",NA
"1136",1136,"la",NA
"1137",1137,"relondo",NA
"1138",1138,"jie",NA
"1139",1139,"xu",NA
"1140",1140,"dearna",NA
"1141",1141,"precelinda",NA
"1142",1142,"jieke",NA
"1143",1143,"annakarina",NA
"1144",1144,"lihong",NA
"1145",1145,"silen",NA
"1146",1146,"wai-ling",NA
"1147",1147,"taniuska",NA
"1148",1148,"nazra",NA
"1149",1149,"jienny",NA
"1150",1150,"wai-fong",NA
"1151",1151,"umecke",NA
"1152",1152,"chi-ling",NA
"1153",1153,"yeshey",NA
"1154",1154,"juyanique",NA
"1155",1155,"vladlena",NA
"1156",1156,"vajra",NA
"1157",1157,"le-ellis",NA
"1158",1158,"cris",NA
"1159",1159,"joshua-roger",NA
"1160",1160,"htin",NA
"1161",1161,"saras",NA
"1162",1162,"sze-hang",NA
"1163",1163,"scandy",NA
"1164",1164,"nulia",NA
"1165",1165,"auterrious",NA
"1166",1166,"yinney",NA
"1167",1167,"nienhwa",NA
"1168",1168,"lalent",NA
"1169",1169,"artie",NA
"1170",1170,"edelito",NA
"1171",1171,"hong-hanh",NA
"1172",1172,"kamfat",NA
"1173",1173,"mannie",NA
"1174",1174,"adrean",NA
"1175",1175,"democrito",NA
"1176",1176,"york-tung",NA
"1177",1177,"thomy",NA
"1178",1178,"sunsierre",NA
"1179",1179,"questa",NA
"1180",1180,"phieu",NA
"1181",1181,"shing",NA
"1182",1182,"soay",NA
"1183",1183,"lark",NA
"1184",1184,"tataneka",NA
"1185",1185,"peiyu",NA
"1186",1186,"neecia",NA
"1187",1187,"bouakham",NA
"1188",1188,"theminh",NA
"1189",1189,"liao",NA
"1190",1190,"ting",NA
"1191",1191,"giao",NA
"1192",1192,"mitchelene",NA
"1193",1193,"so",NA
"1194",1194,"khanh",NA
"1195",1195,"xinfu",NA
"1196",1196,"leoguardo",NA
"1197",1197,"delma",NA
"1198",1198,"aliwelyn",NA
"1199",1199,"wannie",NA
"1200",1200,"ching-yan",NA
"1201",1201,"ma.",NA
"1202",1202,"marevel",NA
"1203",1203,"qiu",NA
"1204",1204,"erlisa",NA
"1205",1205,"tsegereda",NA
"1206",1206,"tewolde",NA
"1207",1207,"martine",NA
"1208",1208,"che",NA
"1209",1209,"paulinped",NA
"1210",1210,"davonne",NA
"1211",1211,"natty",NA
"1212",1212,"crevin",NA
"1213",1213,"qingyuan",NA
"1214",1214,"yungmi",NA
"1215",1215,"shuk-hing",NA
"1216",1216,"sutanto",NA
"1217",1217,"chit",NA
"1218",1218,"armilyn",NA
"1219",1219,"adraienne",NA
"1220",1220,"posee",NA
"1221",1221,"sheaway",NA
"1222",1222,"frankco",NA
"1223",1223,"evelita",NA
"1224",1224,"karla-moniqu",NA
"1225",1225,"devendran",NA
"1226",1226,"nadezda",NA
"1227",1227,"cleofe",NA
"1228",1228,"sayad",NA
"1229",1229,"jewell",NA
"1230",1230,"jozan",NA
"1231",1231,"tak",NA
"1232",1232,"chacko",NA
"1233",1233,"daniele",NA
"1234",1234,"verlidia",NA
"1235",1235,"donwell",NA
"1236",1236,"tac",NA
"1237",1237,"nercy",NA
"1238",1238,"ammee",NA
"1239",1239,"khaisao",NA
"1240",1240,"marivie",NA
"1241",1241,"jaimeg",NA
"1242",1242,"remeke",NA
"1243",1243,"hajji",NA
"1244",1244,"zifeng",NA
"1245",1245,"yaping",NA
"1246",1246,"rodesha",NA
"1247",1247,"wendelina",NA
"1248",1248,"bernie",NA
"1249",1249,"necitas",NA
"1250",1250,"melrina",NA
"1251",1251,"emigrace",NA
"1252",1252,"alfie",NA
"1253",1253,"puthara",NA
"1254",1254,"pilarita",NA
"1255",1255,"dew",NA
"1256",1256,"filirene",NA
"1257",1257,"larryett",NA
"1258",1258,"mhalou",NA
"1259",1259,"yingdan",NA
"1260",1260,"consorcia",NA
"1261",1261,"b",NA
"1262",1262,"dester",NA
"1263",1263,"ivajo",NA
"1264",1264,"uera",NA
"1265",1265,"kalen",NA
"1266",1266,"vivina",NA
"1267",1267,"vinkin",NA
"1268",1268,"io",NA
"1269",1269,"xiaoliang",NA
"1270",1270,"pierangelo",NA
"1271",1271,"vedasto",NA
"1272",1272,"halmar",NA
"1273",1273,"patrima",NA
"1274",1274,"pubuzhuoga",NA
"1275",1275,"luajana",NA
"1276",1276,"yolita",NA
"1277",1277,"shew",NA
"1278",1278,"jie-bing",NA
"1279",1279,"luan",NA
"1280",1280,"cho",NA
"1281",1281,"wah-mei",NA
"1282",1282,"leonilyn",NA
"1283",1283,"suyin",NA
"1284",1284,"su-wan",NA
"1285",1285,"marquiza",NA
"1286",1286,"monaz",NA
"1287",1287,"ning",NA
"1288",1288,"yoon-leong",NA
"1289",1289,"reamelle",NA
"1290",1290,"shim",NA
"1291",1291,"ki",NA
"1292",1292,"shuzhen",NA
"1293",1293,"rosemilia",NA
"1294",1294,"rahoof",NA
"1295",1295,"graciani",NA
"1296",1296,"corodon",NA
"1297",1297,"kynattah",NA
"1298",1298,"gerfre",NA
"1299",1299,"katung",NA
"1300",1300,"edterica",NA
"1301",1301,"zayinna",NA
"1302",1302,"jojo",NA
"1303",1303,"seisaune",NA
"1304",1304,"shinhee",NA
"1305",1305,"wildecy",NA
"1306",1306,"isa",NA
"1307",1307,"enrie",NA
"1308",1308,"hieronim",NA
"1309",1309,"colanthis",NA
"1310",1310,"medrine",NA
"1311",1311,"jexse",NA
"1312",1312,"hareggewain",NA
"1313",1313,"lin-shao",NA
"1314",1314,"ednaleen",NA
"1315",1315,"lashawn",NA
"1316",1316,"chickie",NA
"1317",1317,"gulnaaz",NA
"1318",1318,"themma",NA
"1319",1319,"sojiro",NA
"1320",1320,"hamdy",NA
"1321",1321,"jessian",NA
"1322",1322,"yusmine",NA
"1323",1323,"mariquit",NA
"1324",1324,"desu",NA
"1325",1325,"neva-doreen",NA
"1326",1326,"christilyn",NA
"1327",1327,"czerny",NA
"1328",1328,"srecko",NA
"1329",1329,"tuong",NA
"1330",1330,"menh",NA
"1331",1331,"qiong-fang",NA
"1332",1332,"ankuan",NA
"1333",1333,"enkhtuya",NA
"1334",1334,"lisa-lifang",NA
"1335",1335,"vertrina",NA
"1336",1336,"loren",NA
"1337",1337,"rarlon",NA
"1338",1338,"aissia",NA
"1339",1339,"adelmise",NA
"1340",1340,"jaycelle",NA
"1341",1341,"rosal",NA
"1342",1342,"loranta",NA
"1343",1343,"hecilo",NA
"1344",1344,"ladron",NA
"1345",1345,"rose-sarrie",NA
"1346",1346,"zhen-li",NA
"1347",1347,"jovonne",NA
"1348",1348,"jotter",NA
"1349",1349,"cherlena",NA
"1350",1350,"mamerto",NA
"1351",1351,"faymeeza",NA
"1352",1352,"tam",NA
"1353",1353,"yajing",NA
"1354",1354,"jd",NA
"1355",1355,"jennepher",NA
"1356",1356,"gui",NA
"1357",1357,"shaheenara",NA
"1358",1358,"edlynn",NA
"1359",1359,"diljeet",NA
"1360",1360,"joginder",NA
"1361",1361,"zekarias",NA
"1362",1362,"ladawan",NA
"1363",1363,"sirichom",NA
"1364",1364,"wenqin",NA
"1365",1365,"shuwen",NA
"1366",1366,"yizheng",NA
"1367",1367,"xiaoqing",NA
"1368",1368,"pacencia",NA
"1369",1369,"lileen",NA
"1370",1370,"abdellatif",NA
"1371",1371,"agerico",NA
"1372",1372,"miaoqing",NA
"1373",1373,"annalizza",NA
"1374",1374,"au",NA
"1375",1375,"radean",NA
"1376",1376,"rilin",NA
"1377",1377,"di",NA
"1378",1378,"madu",NA
"1379",1379,"fontaine",NA
"1380",1380,"zin",NA
"1381",1381,"wayzata",NA
"1382",1382,"chiyomi",NA
"1383",1383,"maoleen",NA
"1384",1384,"marshalyn",NA
"1385",1385,"songkan",NA
"1386",1386,"djalma",NA
"1387",1387,"ching",NA
"1388",1388,"hany",NA
"1389",1389,"fermino",NA
"1390",1390,"torrance",NA
"1391",1391,"nicoliann",NA
"1392",1392,"devon",NA
"1393",1393,"woojoo",NA
"1394",1394,"vijya",NA
"1395",1395,"puaseisei",NA
"1396",1396,"knar",NA
"1397",1397,"jehvie",NA
"1398",1398,"parkman",NA
"1399",1399,"leodegardo",NA
"1400",1400,"sireah",NA
"1401",1401,"gollia",NA
"1402",1402,"atilana",NA
"1403",1403,"norflis",NA
"1404",1404,"jeimil",NA
"1405",1405,"penly",NA
"1406",1406,"rochanne",NA
"1407",1407,"saphonia",NA
"1408",1408,"lun",NA
"1409",1409,"surinder",NA
"1410",1410,"mintong",NA
"1411",1411,"montien",NA
"1412",1412,"leavelle",NA
"1413",1413,"ji",NA
"1414",1414,"ren",NA
"1415",1415,"maneerat",NA
"1416",1416,"lynnecka",NA
"1417",1417,"voon",NA
"1418",1418,"tzvete",NA
"1419",1419,"regolette",NA
"1420",1420,"tiernan",NA
"1421",1421,"eighi",NA
"1422",1422,"aswan",NA
"1423",1423,"bounchanh",NA
"1424",1424,"tsui",NA
"1425",1425,"sittana",NA
"1426",1426,"oj",NA
"1427",1427,"juster",NA
"1428",1428,"yim-ngor",NA
"1429",1429,"pilarica",NA
"1430",1430,"jarmee",NA
"1431",1431,"gleceria",NA
"1432",1432,"deon",NA
"1433",1433,"fidez",NA
"1434",1434,"ya",NA
"1435",1435,"nonito",NA
"1436",1436,"kuo",NA
"1437",1437,"prijadi",NA
"1438",1438,"bingzhong",NA
"1439",1439,"alemtshay",NA
"1440",1440,"subhash",NA
"1441",1441,"yenenesh",NA
"1442",1442,"geoffrea",NA
"1443",1443,"paula-jothan",NA
"1444",1444,"marol",NA
"1445",1445,"christia",NA
"1446",1446,"sherrell",NA
"1447",1447,"xiaoping",NA
"1448",1448,"johnal",NA
"1449",1449,"kammei",NA
"1450",1450,"ching-yau",NA
"1451",1451,"falelua",NA
"1452",1452,"chung-hung",NA
"1453",1453,"rosebel",NA
"1454",1454,"donya",NA
"1455",1455,"taninha",NA
"1456",1456,"marinita",NA
"1457",1457,"waiyee",NA
"1458",1458,"violaine",NA
"1459",1459,"rannelle",NA
"1460",1460,"din-juck",NA
"1461",1461,"cherrylyn",NA
"1462",1462,"tinisch",NA
"1463",1463,"surendra",NA
"1464",1464,"chaudary",NA
"1465",1465,"peterita",NA
"1466",1466,"seni",NA
"1467",1467,"branislav",NA
"1468",1468,"rowaldo",NA
"1469",1469,"floydette",NA
"1470",1470,"juel",NA
"1471",1471,"choy",NA
"1472",1472,"cummings",NA
"1473",1473,"quijuan",NA
"1474",1474,"nashanta",NA
"1475",1475,"brigitia",NA
"1476",1476,"vimla",NA
"1477",1477,"yonahandi",NA
"1478",1478,"dinei",NA
"1479",1479,"trinece",NA
"1480",1480,"annyse",NA
"1481",1481,"kienuwa",NA
"1482",1482,"heung",NA
"1483",1483,"sesinanda",NA
"1484",1484,"alawi",NA
"1485",1485,"singkin",NA
"1486",1486,"durvett",NA
"1487",1487,"dailey",NA
"1488",1488,"marigloria",NA
"1489",1489,"meiqin",NA
"1490",1490,"zhidong",NA
"1491",1491,"hue-thanh",NA
"1492",1492,"algarisce",NA
"1493",1493,"yinlan",NA
"1494",1494,"sage",NA
"1495",1495,"aurrero",NA
"1496",1496,"deneitra",NA
"1497",1497,"liulaumea",NA
"1498",1498,"benzon",NA
"1499",1499,"maria-zenaid",NA
"1500",1500,"jul",NA
"1501",1501,"marqui",NA
"1502",1502,"adilisha",NA
"1503",1503,"zenell",NA
"1504",1504,"kleyton",NA
"1505",1505,"findley",NA
"1506",1506,"rashaile",NA
"1507",1507,"haeng",NA
"1508",1508,"zuren",NA
"1509",1509,"qun",NA
"1510",1510,"sien",NA
"1511",1511,"hirdaypal",NA
"1512",1512,"clintell",NA
"1513",1513,"catresu",NA
"1514",1514,"roongthip",NA
"1515",1515,"jensa",NA
"1516",1516,"sinton",NA
"1517",1517,"dan-dan",NA
"1518",1518,"jinzhen",NA
"1519",1519,"hom",NA
"1520",1520,"rossi",NA
"1521",1521,"mo'min",NA
"1522",1522,"qi",NA
"1523",1523,"elia",NA
"1524",1524,"evgeny",NA
"1525",1525,"cui",NA
"1526",1526,"leung",NA
"1527",1527,"seen",NA
"1528",1528,"anau",NA
"1529",1529,"zaw",NA
"1530",1530,"zi",NA
"1531",1531,"xue",NA
"1532",1532,"ru",NA
"1533",1533,"baona",NA
"1534",1534,"vajid",NA
"1535",1535,"deni",NA
"1536",1536,"koreda",NA
"1537",1537,"rusununguko",NA
"1538",1538,"oi-lin",NA
"1539",1539,"mariedyne",NA
"1540",1540,"garneth",NA
"1541",1541,"shell",NA
"1542",1542,"roi",NA
"1543",1543,"lihuang",NA
"1544",1544,"atanase",NA
"1545",1545,"mariflor",NA
"1546",1546,"chi-nim",NA
"1547",1547,"sarlina",NA
"1548",1548,"terefe",NA
"1549",1549,"l.",NA
"1550",1550,"jullian",NA
"1551",1551,"ying-na",NA
"1552",1552,"orkideh",NA
"1553",1553,"redolfo",NA
"1554",1554,"ngee",NA
"1555",1555,"tae",NA
"1556",1556,"charla-renee",NA
"1557",1557,"marjaneh",NA
"1558",1558,"lip",NA
"1559",1559,"cuu",NA
"1560",1560,"jaleila",NA
"1561",1561,"orealis",NA
"1562",1562,"zhenrong",NA
"1563",1563,"l'tanya",NA
"1564",1564,"myvan",NA
"1565",1565,"kil",NA
"1566",1566,"rosito",NA
"1567",1567,"sandeep",NA
"1568",1568,"run",NA
"1569",1569,"kaloreen",NA
"1570",1570,"lorenza",NA
"1571",1571,"cardito",NA
"1572",1572,"flocerfina",NA
"1573",1573,"muddasir",NA
"1574",1574,"gerealdine",NA
"1575",1575,"mayjanna",NA
"1576",1576,"ai-ti",NA
"1577",1577,"guang",NA
"1578",1578,"shilian",NA
"1579",1579,"chun-huey",NA
"1580",1580,"ranilo",NA
"1581",1581,"vulase",NA
"1582",1582,"xiaoying",NA
"1583",1583,"ramzie",NA
"1584",1584,"bimlesh",NA
"1585",1585,"tualatai",NA
"1586",1586,"hui-hua",NA
"1587",1587,"yousun",NA
"1588",1588,"olivetta",NA
"1589",1589,"sunyoung",NA
"1590",1590,"lerma",NA
"1591",1591,"kim-chi",NA
"1592",1592,"noemia",NA
"1593",1593,"taeil",NA
"1594",1594,"dionii",NA
"1595",1595,"buu-hien",NA
"1596",1596,"thant",NA
"1597",1597,"ardern",NA
"1598",1598,"mickey",NA
"1599",1599,"phelan",NA
"1600",1600,"arcilidia",NA
"1601",1601,"pico",NA
"1602",1602,"indiana",NA
"1603",1603,"marichu",NA
"1604",1604,"anayda",NA
"1605",1605,"tu",NA
"1606",1606,"shuxian",NA
"1607",1607,"mardia",NA
"1608",1608,"mayagnes",NA
"1609",1609,"maluisa",NA
"1610",1610,"enrili",NA
"1611",1611,"pakhong",NA
"1612",1612,"yuyi",NA
"1613",1613,"nenet",NA
"1614",1614,"joery",NA
"1615",1615,"meeyong",NA
"1616",1616,"valve",NA
"1617",1617,"yock",NA
"1618",1618,"mohinder",NA
"1619",1619,"sergia",NA
"1620",1620,"tochia",NA
"1621",1621,"richelle-lyn",NA
"1622",1622,"islander",NA
"1623",1623,"hadush",NA
"1624",1624,"shi",NA
"1625",1625,"zhigang",NA
"1626",1626,"sieu",NA
"1627",1627,"mei-lian",NA
"1628",1628,"guiqin",NA
"1629",1629,"hoomei",NA
"1630",1630,"ghebre",NA
"1631",1631,"anatolia",NA
"1632",1632,"ri",NA
"1633",1633,"shemeta",NA
"1634",1634,"sheron",NA
"1635",1635,"weilin",NA
"1636",1636,"ruiping",NA
"1637",1637,"carlomagno",NA
"1638",1638,"josiebel",NA
"1639",1639,"kareen",NA
"1640",1640,"lan-fang",NA
"1641",1641,"sui-yong",NA
"1642",1642,"kimsan",NA
"1643",1643,"kwing",NA
"1644",1644,"mustufa",NA
"1645",1645,"li-xin",NA
"1646",1646,"lowayna",NA
"1647",1647,"detlef",NA
"1648",1648,"niger",NA
"1649",1649,"hoe",NA
"1650",1650,"ge",NA
"1651",1651,"tat",NA
"1652",1652,"jormah",NA
"1653",1653,"mariece",NA
"1654",1654,"dideer",NA
"1655",1655,"aubrey",NA
"1656",1656,"zun",NA
"1657",1657,"jose-renato",NA
"1658",1658,"chi-lung",NA
"1659",1659,"ieng-na",NA
"1660",1660,"guofu",NA
"1661",1661,"winah",NA
"1662",1662,"wilfredi",NA
"1663",1663,"sin",NA
"1664",1664,"yangchen",NA
"1665",1665,"deltimi",NA
"1666",1666,"aubsorn",NA
"1667",1667,"gerry",NA
"1668",1668,"ritchele",NA
"1669",1669,"yaokun",NA
"1670",1670,"jinlin",NA
"1671",1671,"jianping",NA
"1672",1672,"lolet",NA
"1673",1673,"adita",NA
"1674",1674,"estelito",NA
"1675",1675,"tekij",NA
"1676",1676,"girma",NA
"1677",1677,"zijian",NA
"1678",1678,"zhu",NA
"1679",1679,"gorgonia",NA
"1680",1680,"harick",NA
"1681",1681,"neriza",NA
"1682",1682,"dawa",NA
"1683",1683,"shideng",NA
"1684",1684,"xiaoli",NA
"1685",1685,"tsenare",NA
"1686",1686,"nicola",NA
"1687",1687,"daw",NA
"1688",1688,"kalsang",NA
"1689",1689,"erly",NA
"1690",1690,"alamoni",NA
"1691",1691,"robi",NA
"1692",1692,"mickylene",NA
"1693",1693,"bennette",NA
"1694",1694,"leedia",NA
"1695",1695,"yi-kok",NA
"1696",1696,"zen",NA
"1697",1697,"kirby",NA
"1698",1698,"tsui-hwa",NA
"1699",1699,"felomina",NA
"1700",1700,"louel",NA
"1701",1701,"joycilynn",NA
"1702",1702,"udaniel",NA
"1703",1703,"laudenia",NA
"1704",1704,"elleus",NA
"1705",1705,"muin",NA
"1706",1706,"qianxia",NA
"1707",1707,"savitree",NA
"1708",1708,"huynhnga",NA
"1709",1709,"zhihui",NA
"1710",1710,"zuna",NA
"1711",1711,"kyi",NA
"1712",1712,"jianhui",NA
"1713",1713,"terris",NA
"1714",1714,"yu-hua",NA
"1715",1715,"men",NA
"1716",1716,"lee-choi",NA
"1717",1717,"stanway",NA
"1718",1718,"zhuhuan",NA
"1719",1719,"chen",NA
"1720",1720,"clove",NA
"1721",1721,"therece",NA
"1722",1722,"shi-hwa",NA
"1723",1723,"pepito",NA
"1724",1724,"lottina",NA
"1725",1725,"clodoaldo",NA
"1726",1726,"lifen",NA
"1727",1727,"ruilian",NA
"1728",1728,"joyvelle",NA
"1729",1729,"carmanella",NA
"1730",1730,"fasica",NA
"1731",1731,"auliya",NA
"1732",1732,"korika",NA
"1733",1733,"virganeyce",NA
"1734",1734,"tuvao",NA
"1735",1735,"julan",NA
"1736",1736,"yau-sing",NA
"1737",1737,"shoumei",NA
"1738",1738,"phay",NA
"1739",1739,"simmie",NA
"1740",1740,"basanio",NA
"1741",1741,"lingling",NA
"1742",1742,"baby",NA
"1743",1743,"dieudinord",NA
"1744",1744,"naty",NA
"1745",1745,"joyevane",NA
"1746",1746,"annearl",NA
"1747",1747,"minoo",NA
"1748",1748,"vinnie",NA
"1749",1749,"nouane",NA
"1750",1750,"birgul",NA
"1751",1751,"blessilda",NA
"1752",1752,"qiufeng",NA
"1753",1753,"perveen",NA
"1754",1754,"emperatris",NA
"1755",1755,"yemane",NA
"1756",1756,"aldeliza",NA
"1757",1757,"sai",NA
"1758",1758,"chio",NA
"1759",1759,"yanping",NA
"1760",1760,"xian",NA
"1761",1761,"fonny",NA
"1762",1762,"fuyao",NA
"1763",1763,"huizhen",NA
"1764",1764,"serlina",NA
"1765",1765,"demarie",NA
"1766",1766,"yu-juan",NA
"1767",1767,"ya'shaunda",NA
"1768",1768,"dominique",NA
"1769",1769,"guianna",NA
"1770",1770,"devin",NA
"1771",1771,"asish",NA
"1772",1772,"selwin",NA
"1773",1773,"alzara",NA
"1774",1774,"girmai",NA
"1775",1775,"ruedell",NA
"1776",1776,"renante",NA
"1777",1777,"alforna",NA
"1778",1778,"jewelletta",NA
"1779",1779,"hiki",NA
"1780",1780,"shuk-wah",NA
"1781",1781,"vallan",NA
"1782",1782,"amielyn",NA
"1783",1783,"klaudya",NA
"1784",1784,"miae",NA
"1785",1785,"liyi",NA
"1786",1786,"tavinder",NA
"1787",1787,"kingsley",NA
"1788",1788,"ravinesh",NA
"1789",1789,"vu",NA
"1790",1790,"alcira",NA
"1791",1791,"shuo",NA
"1792",1792,"arcon",NA
"1793",1793,"imon",NA
"1794",1794,"wandia",NA
"1795",1795,"liu",NA
"1796",1796,"xiongwen",NA
"1797",1797,"debbie-lynn",NA
"1798",1798,"glynder",NA
"1799",1799,"cheuk",NA
"1800",1800,"delainya",NA
"1801",1801,"minghua",NA
"1802",1802,"salaheddin",NA
"1803",1803,"suk-man",NA
"1804",1804,"kung-hang",NA
"1805",1805,"windsor",NA
"1806",1806,"savet",NA
"1807",1807,"jodey",NA
"1808",1808,"pramila",NA
"1809",1809,"ledenila",NA
"1810",1810,"mariamarcela",NA
"1811",1811,"zhaoping",NA
"1812",1812,"un",NA
"1813",1813,"fuxian",NA
"1814",1814,"shirnella",NA
"1815",1815,"suxia",NA
"1816",1816,"afutoto",NA
"1817",1817,"shanthony",NA
"1818",1818,"hin",NA
"1819",1819,"nieves",NA
"1820",1820,"ailian",NA
"1821",1821,"dusha",NA
"1822",1822,"millet",NA
"1823",1823,"furu",NA
"1824",1824,"nelsen",NA
"1825",1825,"violy",NA
"1826",1826,"atajinae",NA
"1827",1827,"menona",NA
"1828",1828,"kadeshra",NA
"1829",1829,"restituto",NA
"1830",1830,"alsifredo",NA
"1831",1831,"gercie",NA
"1832",1832,"chao",NA
"1833",1833,"merlyn",NA
"1834",1834,"fei",NA
"1835",1835,"rockson",NA
"1836",1836,"hiabu",NA
"1837",1837,"mei-chun",NA
"1838",1838,"lorteza",NA
"1839",1839,"jingbo",NA
"1840",1840,"emerson",NA
"1841",1841,"yat",NA
"1842",1842,"michelline",NA
"1843",1843,"naseem",NA
"1844",1844,"aimei",NA
"1845",1845,"zark",NA
"1846",1846,"wenqing",NA
"1847",1847,"marlyn",NA
"1848",1848,"kyri",NA
"1849",1849,"winifredo",NA
"1850",1850,"zaire",NA
"1851",1851,"loran",NA
"1852",1852,"lauton",NA
"1853",1853,"mariflo",NA
"1854",1854,"joeddie",NA
"1855",1855,"rhyan",NA
"1856",1856,"d'arcy",NA
"1857",1857,"xiaohong",NA
"1858",1858,"kori",NA
"1859",1859,"nahel",NA
"1860",1860,"poyip",NA
"1861",1861,"cesena",NA
"1862",1862,"evariza",NA
"1863",1863,"vi",NA
"1864",1864,"pouneh",NA
"1865",1865,"jasminka",NA
"1866",1866,"miao",NA
"1867",1867,"elexir",NA
"1868",1868,"jie-hui",NA
"1869",1869,"elieth",NA
"1870",1870,"salatielu",NA
"1871",1871,"tirtza",NA
"1872",1872,"moegagogo",NA
"1873",1873,"zoily",NA
"1874",1874,"skylar",NA
"1875",1875,"wallina",NA
"1876",1876,"aumijo",NA
"1877",1877,"fnu",NA
"1878",1878,"clottis",NA
"1879",1879,"yixing",NA
"1880",1880,"neomar",NA
"1881",1881,"chrishara",NA
"1882",1882,"nanalisa",NA
"1883",1883,"clinnis",NA
"1884",1884,"amaoge",NA
"1885",1885,"tereese",NA
"1886",1886,"saroj",NA
"1887",1887,"dreanielyn",NA
"1888",1888,"letalatala",NA
"1889",1889,"ramsey",NA
"1890",1890,"kwanza",NA
"1891",1891,"noriaki",NA
"1892",1892,"ebele",NA
"1893",1893,"leonisa",NA
"1894",1894,"murphy",NA
"1895",1895,"qiuying",NA
"1896",1896,"huiping",NA
"1897",1897,"hongmei",NA
"1898",1898,"suo",NA
"1899",1899,"kanhu",NA
"1900",1900,"peixian",NA
"1901",1901,"zhuohui",NA
"1902",1902,"sadriena",NA
"1903",1903,"danze",NA
"1904",1904,"urs",NA
"1905",1905,"loek",NA
"1906",1906,"sio",NA
"1907",1907,"meichun",NA
"1908",1908,"jorgio",NA
"1909",1909,"tanneshenail",NA
"1910",1910,"iria",NA
"1911",1911,"zhanzhou",NA
"1912",1912,"freweini",NA
"1913",1913,"placer",NA
"1914",1914,"nikola",NA
"1915",1915,"kwok-man",NA
"1916",1916,"dondon",NA
"1917",1917,"yikun",NA
"1918",1918,"vacheslav",NA
"1919",1919,"ye",NA
"1920",1920,"victoraida",NA
"1921",1921,"shaoxia",NA
"1922",1922,"fayaro",NA
"1923",1923,"davidean",NA
"1924",1924,"cristalino",NA
"1925",1925,"chinaenye",NA
"1926",1926,"jordon",NA
"1927",1927,"jingee",NA
"1928",1928,"puya",NA
"1929",1929,"teozin",NA
"1930",1930,"kuei",NA
"1931",1931,"felino",NA
"1932",1932,"kei",NA
"1933",1933,"cheok",NA
"1934",1934,"nai",NA
"1935",1935,"goyette",NA
"1936",1936,"odioh",NA
"1937",1937,"cherease",NA
"1938",1938,"jianxiao",NA
"1939",1939,"norilinda",NA
"1940",1940,"monlia",NA
"1941",1941,"alexiy",NA
"1942",1942,"vidalina",NA
"1943",1943,"bhulabhai",NA
"1944",1944,"tiyesha",NA
"1945",1945,"shui-yuan",NA
"1946",1946,"caling",NA
"1947",1947,"quinn",NA
"1948",1948,"baojie",NA
"1949",1949,"bai",NA
"1950",1950,"yvon",NA
"1951",1951,"lorain",NA
"1952",1952,"tho",NA
"1953",1953,"posey",NA
"1954",1954,"anzano",NA
"1955",1955,"huimin",NA
"1956",1956,"mansueto",NA
"1957",1957,"lilibelle",NA
"1958",1958,"shoag",NA
"1959",1959,"mariejie",NA
"1960",1960,"semaj",NA
"1961",1961,"eunina",NA
"1962",1962,"sukia",NA
"1963",1963,"saadat",NA
"1964",1964,"haolie",NA
"1965",1965,"ui",NA
"1966",1966,"munty",NA
"1967",1967,"tomohiko",NA
"1968",1968,"corry",NA
"1969",1969,"carrol",NA
"1970",1970,"evanington",NA
"1971",1971,"nokeo",NA
"1972",1972,"dorothy-joy",NA
"1973",1973,"siosifa",NA
"1974",1974,"waly",NA
"1975",1975,"lyslynn",NA
"1976",1976,"baljit",NA
"1977",1977,"matelina",NA
"1978",1978,"andrinna",NA
"1979",1979,"kam-yuk",NA
"1980",1980,"bertminhtam",NA
"1981",1981,"corrie",NA
"1982",1982,"jeje",NA
"1983",1983,"tshering",NA
"1984",1984,"olusoga",NA
"1985",1985,"tachanan",NA
"1986",1986,"monserrate",NA
"1987",1987,"halili",NA
"1988",1988,"ronando",NA
"1989",1989,"dountes",NA
"1990",1990,"lanfanna",NA
"1991",1991,"po-chu",NA
"1992",1992,"gimli",NA
"1993",1993,"deggy",NA
"1994",1994,"rakima",NA
"1995",1995,"peina",NA
"1996",1996,"mariadolores",NA
"1997",1997,"liwayway",NA
"1998",1998,"donacin",NA
"1999",1999,"laurrean",NA
"2000",2000,"uttama",NA
"2001",2001,"vivencio",NA
"2002",2002,"ce",NA
"2003",2003,"joebert",NA
"2004",2004,"khaldun",NA
"2005",2005,"thomalyn",NA
"2006",2006,"fu",NA
"2007",2007,"iheanyichukw",NA
"2008",2008,"yanming",NA
"2009",2009,"saman",NA
"2010",2010,"artis",NA
"2011",2011,"chanhyuk",NA
"2012",2012,"lee-kwan",NA
"2013",2013,"wendong",NA
"2014",2014,"yinlai",NA
"2015",2015,"kimani",NA
"2016",2016,"rong",NA
"2017",2017,"christini",NA
"2018",2018,"gholamreza",NA
"2019",2019,"nweke",NA
"2020",2020,"loyresha",NA
"2021",2021,"tsz",NA
"2022",2022,"eskandar",NA
"2023",2023,"haoyang",NA
"2024",2024,"bingwen",NA
"2025",2025,"hagos",NA
"2026",2026,"voneciel",NA
"2027",2027,"rae-kell",NA
"2028",2028,"asrat",NA
"2029",2029,"jan-kevin",NA
"2030",2030,"pannarat",NA
"2031",2031,"ekom-abasi",NA
"2032",2032,"xianglin",NA
"2033",2033,"michiru",NA
"2034",2034,"mio",NA
"2035",2035,"harpreet",NA
"2036",2036,"anastastia",NA
"2037",2037,"tonie",NA
"2038",2038,"candacean",NA
"2039",2039,"cheryllmay",NA
"2040",2040,"minu",NA
"2041",2041,"fillipa",NA
"2042",2042,"jayshree",NA
"2043",2043,"tsehainesh",NA
"2044",2044,"mhrizty",NA
"2045",2045,"paik",NA
"2046",2046,"xiao-yan",NA
"2047",2047,"xuong",NA
"2048",2048,"taeho",NA
"2049",2049,"limei",NA
"2050",2050,"maria-christ",NA
"2051",2051,"artrese",NA
"2052",2052,"khai",NA
"2053",2053,"tian",NA
"2054",2054,"beryl",NA
"2055",2055,"lawranese",NA
"2056",2056,"kauk",NA
"2057",2057,"zhenhua",NA
"2058",2058,"engey",NA
"2059",2059,"terryl",NA
"2060",2060,"permilia",NA
"2061",2061,"mellyn",NA
"2062",2062,"jourdan",NA
"2063",2063,"lavern",NA
"2064",2064,"manolita",NA
"2065",2065,"wanyi",NA
"2066",2066,"ngok",NA
"2067",2067,"liecel",NA
"2068",2068,"marjhon",NA
"2069",2069,"yingzi",NA
"2070",2070,"ziran",NA
"2071",2071,"mengru",NA
"2072",2072,"vao",NA
"2073",2073,"yubing",NA
"2074",2074,"a.",NA
"2075",2075,"phimy",NA
"2076",2076,"lobsang",NA
"2077",2077,"banny",NA
"2078",2078,"teresann",NA
"2079",2079,"krishna",NA
"2080",2080,"isoa",NA
"2081",2081,"anyoto",NA
"2082",2082,"kacy",NA
"2083",2083,"mouy",NA
"2084",2084,"sopheia",NA
"2085",2085,"te",NA
"2086",2086,"eckhard",NA
"2087",2087,"jackie-lynn",NA
"2088",2088,"mariacecilia",NA
"2089",2089,"serguei",NA
"2090",2090,"archiles",NA
"2091",2091,"lian",NA
"2092",2092,"lusa",NA
"2093",2093,"qunsu",NA
"2094",2094,"vartivar",NA
"2095",2095,"othello",NA
"2096",2096,"kai-fai",NA
"2097",2097,"geronal",NA
"2098",2098,"numa",NA
"2099",2099,"sriba",NA
"2100",2100,"reyland",NA
"2101",2101,"chau",NA
"2102",2102,"resty",NA
"2103",2103,"nelvyne",NA
"2104",2104,"jaslo",NA
"2105",2105,"byong",NA
"2106",2106,"yi-ching",NA
"2107",2107,"navtej",NA
"2108",2108,"shaibya",NA
"2109",2109,"hangjean",NA
"2110",2110,"jiale",NA
"2111",2111,"benmichael",NA
"2112",2112,"tenzin",NA
"2113",2113,"delricco",NA
"2114",2114,"xiaoyun",NA
"2115",2115,"florito",NA
"2116",2116,"yanlei",NA
"2117",2117,"faamaile",NA
"2118",2118,"raoun",NA
"2119",2119,"clovis",NA
"2120",2120,"tilila",NA
"2121",2121,"woy",NA
"2122",2122,"termon",NA
"2123",2123,"chalon",NA
"2124",2124,"getachew",NA
"2125",2125,"khin",NA
"2126",2126,"manasia",NA
"2127",2127,"kenyettia",NA
"2128",2128,"tancsha",NA
"2129",2129,"waily",NA
"2130",2130,"muoi",NA
"2131",2131,"ruiqiong",NA
"2132",2132,"henny",NA
"2133",2133,"guimy",NA
"2134",2134,"zhiqing",NA
"2135",2135,"elinoemi",NA
"2136",2136,"uloma",NA
"2137",2137,"rommuil",NA
"2138",2138,"my-linh",NA
"2139",2139,"xuda",NA
"2140",2140,"rio",NA
"2141",2141,"lizianne",NA
"2142",2142,"daynin",NA
"2143",2143,"vandnez",NA
"2144",2144,"kako",NA
"2145",2145,"yer",NA
"2146",2146,"rayne",NA
"2147",2147,"jiayu",NA
"2148",2148,"yahminah",NA
"2149",2149,"xueyan",NA
"2150",2150,"fen",NA
"2151",2151,"upinder",NA
"2152",2152,"guram",NA
"2153",2153,"legistine",NA
"2154",2154,"yimin",NA
"2155",2155,"to",NA
"2156",2156,"yousry",NA
"2157",2157,"arnnely",NA
"2158",2158,"thanita",NA
"2159",2159,"theo",NA
"2160",2160,"rickenson",NA
"2161",2161,"herminigildo",NA
"2162",2162,"zohrabegum",NA
"2163",2163,"daroll",NA
"2164",2164,"keethia",NA
"2165",2165,"philipos",NA
"2166",2166,"jackquellyn",NA
"2167",2167,"faapito",NA
"2168",2168,"tashi",NA
"2169",2169,"shuya",NA
"2170",2170,"dangui",NA
"2171",2171,"benido",NA
"2172",2172,"iquawe",NA
"2173",2173,"djajadi",NA
"2174",2174,"tweila",NA
"2175",2175,"kuzuri",NA
"2176",2176,"jojie",NA
"2177",2177,"bahman",NA
"2178",2178,"manjot",NA
"2179",2179,"hanming",NA
"2180",2180,"waheguru",NA
"2181",2181,"yanyan",NA
"2182",2182,"cameo",NA
"2183",2183,"jordenne",NA
"2184",2184,"tanashati",NA
"2185",2185,"adriaen",NA
"2186",2186,"lanchiyderu",NA
"2187",2187,"qu",NA
"2188",2188,"charliena",NA
"2189",2189,"pagibig",NA
"2190",2190,"markieda",NA
"2191",2191,"jolinko",NA
"2192",2192,"arvit",NA
"2193",2193,"jingyan",NA
"2194",2194,"qiang",NA
"2195",2195,"maria-idalia",NA
"2196",2196,"ouardi",NA
"2197",2197,"vongprachanh",NA
"2198",2198,"angelec",NA
"2199",2199,"germaine",NA
"2200",2200,"lilliani",NA
"2201",2201,"hsingyen",NA
"2202",2202,"xuichankij",NA
"2203",2203,"lanfang",NA
"2204",2204,"mu",NA
"2205",2205,"jinisha",NA
"2206",2206,"nickolias",NA
"2207",2207,"rizalino",NA
"2208",2208,"khalaf",NA
"2209",2209,"luzon",NA
"2210",2210,"cai",NA
"2211",2211,"isokee",NA
"2212",2212,"siteri",NA
"2213",2213,"pushpa",NA
"2214",2214,"jie-zhen",NA
"2215",2215,"kamolporn",NA
"2216",2216,"yuanguang",NA
"2217",2217,"tamalca",NA
"2218",2218,"seychelles",NA
"2219",2219,"helyna",NA
"2220",2220,"rumika",NA
"2221",2221,"obeid",NA
"2222",2222,"liyan",NA
"2223",2223,"sukhdip",NA
"2224",2224,"shquane",NA
"2225",2225,"lacy",NA
"2226",2226,"kenyeon",NA
"2227",2227,"kibrom",NA
"2228",2228,"syvonne",NA
"2229",2229,"johnrey",NA
"2230",2230,"uese",NA
"2231",2231,"moyee",NA
"2232",2232,"zhongde",NA
"2233",2233,"tymen",NA
"2234",2234,"angellyca",NA
"2235",2235,"jomarsan",NA
"2236",2236,"devan",NA
"2237",2237,"lizhen",NA
"2238",2238,"ky",NA
"2239",2239,"qining",NA
"2240",2240,"carrington",NA
"2241",2241,"devougn",NA
"2242",2242,"pelayo",NA
"2243",2243,"raymomd",NA
"2244",2244,"kuana",NA
"2245",2245,"hanas",NA
"2246",2246,"jasvindar",NA
"2247",2247,"lealofi",NA
"2248",2248,"fasika",NA
"2249",2249,"mariarosario",NA
"2250",2250,"phan",NA
"2251",2251,"ieeshea",NA
"2252",2252,"dafnie",NA
"2253",2253,"lataina",NA
"2254",2254,"pingdewinde",NA
"2255",2255,"yuyao",NA
"2256",2256,"shuhua",NA
"2257",2257,"idel",NA
"2258",2258,"fernay",NA
"2259",2259,"sathitpong",NA
"2260",2260,"arrikka",NA
"2261",2261,"tahar-mourad",NA
"2262",2262,"ni",NA
"2263",2263,"bevan",NA
"2264",2264,"sophenia",NA
"2265",2265,"samreda",NA
"2266",2266,"matezsa",NA
"2267",2267,"sormeh",NA
"2268",2268,"juliena",NA
"2269",2269,"toiansanita",NA
"2270",2270,"faafouina",NA
"2271",2271,"zhuli",NA
"2272",2272,"luranda",NA
"2273",2273,"lavon",NA
"2274",2274,"harbans",NA
"2275",2275,"parras",NA
"2276",2276,"ay-lih",NA
"2277",2277,"lawan",NA
"2278",2278,"adi",NA
"2279",2279,"davinne",NA
"2280",2280,"menen",NA
"2281",2281,"yueying",NA
"2282",2282,"manufou",NA
"2283",2283,"cherysse",NA
"2284",2284,"lucshell",NA
"2285",2285,"daadir",NA
"2286",2286,"hirut",NA
"2287",2287,"shook",NA
"2288",2288,"lamile",NA
"2289",2289,"gennady",NA
"2290",2290,"joning",NA
"2291",2291,"junteng",NA
"2292",2292,"lorellie",NA
"2293",2293,"phunguyen",NA
"2294",2294,"photi",NA
"2295",2295,"edumir",NA
"2296",2296,"miryoki",NA
"2297",2297,"tauvela",NA
"2298",2298,"tainoino",NA
"2299",2299,"rejonia",NA
"2300",2300,"myeca",NA
"2301",2301,"cadman",NA
"2302",2302,"natetasha",NA
"2303",2303,"akashni",NA
"2304",2304,"mitsuhiro",NA
"2305",2305,"aiqun",NA
"2306",2306,"kimvan",NA
"2307",2307,"narding",NA
"2308",2308,"jannee",NA
"2309",2309,"zakaria",NA
"2310",2310,"yevgeniya",NA
"2311",2311,"oleksandra",NA
"2312",2312,"ruiyu",NA
"2313",2313,"simonique",NA
"2314",2314,"dhan",NA
"2315",2315,"pensiri",NA
"2316",2316,"shinobu",NA
"2317",2317,"gesner",NA
"2318",2318,"chih-yu",NA
"2319",2319,"sit",NA
"2320",2320,"makhmud",NA
"2321",2321,"kagiso",NA
"2322",2322,"vitaline",NA
"2323",2323,"expedito",NA
"2324",2324,"donuell",NA
"2325",2325,"maryom",NA
"2326",2326,"fousia",NA
"2327",2327,"matija",NA
"2328",2328,"wayan",NA
"2329",2329,"kalson",NA
"2330",2330,"kelleny",NA
"2331",2331,"christain",NA
"2332",2332,"shwu",NA
"2333",2333,"amano",NA
"2334",2334,"leobert",NA
"2335",2335,"rashawn",NA
"2336",2336,"vanphen",NA
"2337",2337,"marquesia",NA
"2338",2338,"anouar",NA
"2339",2339,"karel",NA
"2340",2340,"ivon",NA
"2341",2341,"truedell",NA
"2342",2342,"jalisco",NA
"2343",2343,"edwayne",NA
"2344",2344,"jfk",NA
"2345",2345,"adonas",NA
"2346",2346,"polario",NA
"2347",2347,"suzhen",NA
"2348",2348,"wanqi",NA
"2349",2349,"naime",NA
"2350",2350,"khue",NA
"2351",2351,"belay",NA
"2352",2352,"aiqiong",NA
"2353",2353,"juon",NA
"2354",2354,"lyryan",NA
"2355",2355,"omoh",NA
"2356",2356,"pasha",NA
"2357",2357,"nzugu",NA
"2358",2358,"moselini",NA
"2359",2359,"schevonne",NA
"2360",2360,"jutinut",NA
"2361",2361,"tanicee",NA
"2362",2362,"ilalegagana",NA
"2363",2363,"jengis",NA
"2364",2364,"gon",NA
"2365",2365,"jonard",NA
"2366",2366,"leswin",NA
"2367",2367,"kerson",NA
"2368",2368,"ahndy",NA
"2369",2369,"thedrika",NA
"2370",2370,"waley",NA
"2371",2371,"naurkeath",NA
"2372",2372,"jiansong",NA
"2373",2373,"boren",NA
"2374",2374,"mackay",NA
"2375",2375,"aarom",NA
"2376",2376,"yuwen",NA
"2377",2377,"amornrad",NA
"2378",2378,"schivonne",NA
"2379",2379,"arden",NA
"2380",2380,"sammanika",NA
"2381",2381,"faama",NA
"2382",2382,"kristalia",NA
"2383",2383,"akalah",NA
"2384",2384,"nickisa",NA
"2385",2385,"myint",NA
"2386",2386,"nakia",NA
"2387",2387,"greer",NA
"2388",2388,"sol",NA
"2389",2389,"taquayla",NA
"2390",2390,"temistocles",NA
"2391",2391,"yibing",NA
"2392",2392,"ajoy",NA
"2393",2393,"aitu",NA
"2394",2394,"juneto",NA
"2395",2395,"boua",NA
"2396",2396,"jory",NA
"2397",2397,"dameda",NA
"2398",2398,"wiloni",NA
"2399",2399,"yemila",NA
"2400",2400,"sky",NA
"2401",2401,"silene",NA
"2402",2402,"nacera",NA
"2403",2403,"endale",NA
"2404",2404,"keyshi",NA
"2405",2405,"lacola",NA
"2406",2406,"armani",NA
"2407",2407,"kalani",NA
"2408",2408,"gizelda",NA
"2409",2409,"dujuor",NA
"2410",2410,"emery",NA
"2411",2411,"paz",NA
"2412",2412,"yasu",NA
"2413",2413,"atieh",NA
"2414",2414,"huan-kung",NA
"2415",2415,"latresiya",NA
"2416",2416,"evangiline",NA
"2417",2417,"iling",NA
"2418",2418,"maolin",NA
"2419",2419,"chiu-hing",NA
"2420",2420,"parmod",NA
"2421",2421,"zdenek",NA
"2422",2422,"plushawn",NA
"2423",2423,"tisheng",NA
"2424",2424,"jae",NA
"2425",2425,"grier",NA
"2426",2426,"ora",NA
"2427",2427,"domariae",NA
"2428",2428,"meetali",NA
"2429",2429,"weiling",NA
"2430",2430,"gelatha",NA
"2431",2431,"sukhcharn",NA
"2432",2432,"fette",NA
"2433",2433,"topez",NA
"2434",2434,"tekle",NA
"2435",2435,"mica",NA
"2436",2436,"ednalyn",NA
"2437",2437,"bau",NA
"2438",2438,"palei",NA
"2439",2439,"solanita",NA
"2440",2440,"inishea",NA
"2441",2441,"asuncion",NA
"2442",2442,"marknathan",NA
"2443",2443,"dorsey",NA
"2444",2444,"umala",NA
"2445",2445,"kahfi",NA
"2446",2446,"na",NA
"2447",2447,"estellita",NA
"2448",2448,"rainal",NA
"2449",2449,"selvya",NA
"2450",2450,"yiya",NA
"2451",2451,"meseka",NA
"2452",2452,"trevern",NA
"2453",2453,"riquetta",NA
"2454",2454,"godffrey",NA
"2455",2455,"yankui",NA
"2456",2456,"exxon",NA
"2457",2457,"jovan",NA
"2458",2458,"jenesh",NA
"2459",2459,"waldina",NA
"2460",2460,"london",NA
"2461",2461,"yemil",NA
"2462",2462,"jowey",NA
"2463",2463,"lasheca",NA
"2464",2464,"enyese",NA
"2465",2465,"aljirea",NA
"2466",2466,"anniecialyn",NA
"2467",2467,"donyell",NA
"2468",2468,"gerle",NA
"2469",2469,"kenyata",NA
"2470",2470,"tahren",NA
"2471",2471,"zhihe",NA
"2472",2472,"guille",NA
"2473",2473,"bridgeette",NA
"2474",2474,"tse",NA
"2475",2475,"jaykrish",NA
"2476",2476,"whippett",NA
"2477",2477,"wm-forrest",NA
"2478",2478,"petrece",NA
"2479",2479,"havey",NA
"2480",2480,"kirna",NA
"2481",2481,"salini",NA
"2482",2482,"miuling",NA
"2483",2483,"charmela",NA
"2484",2484,"bethel",NA
"2485",2485,"lalina",NA
"2486",2486,"shaunty",NA
"2487",2487,"diep",NA
"2488",2488,"hossanah",NA
"2489",2489,"medline",NA
"2490",2490,"pauleena",NA
"2491",2491,"bartholemew",NA
"2492",2492,"veneracion",NA
"2493",2493,"whar",NA
"2494",2494,"nguon",NA
"2495",2495,"neveo",NA
"2496",2496,"hanguang",NA
"2497",2497,"folole",NA
"2498",2498,"izayana",NA
"2499",2499,"gloreen",NA
"2500",2500,"floristine",NA
"2501",2501,"shoba",NA
"2502",2502,"rolette",NA
"2503",2503,"paulaclaudin",NA
"2504",2504,"deandra",NA
"2505",2505,"campbell",NA
"2506",2506,"kaukab",NA
"2507",2507,"tie",NA
"2508",2508,"meei",NA
"2509",2509,"na'il",NA
"2510",2510,"janeellen",NA
"2511",2511,"nhon",NA
"2512",2512,"carolynl",NA
"2513",2513,"chi-wing",NA
"2514",2514,"alexanderl",NA
"2515",2515,"hanwin",NA
"2516",2516,"johnt",NA
"2517",2517,"duk",NA
"2518",2518,"r.",NA
"2519",2519,"alpherie",NA
"2520",2520,"wlater",NA
"2521",2521,"wan-lan",NA
"2522",2522,"alphas",NA
"2523",2523,"richard-alvin",NA
"2524",2524,"chusak",NA
"2525",2525,"deguang",NA
"2526",2526,"jagannadh",NA
"2527",2527,"fang",NA
"2528",2528,"lih",NA
"2529",2529,"sushmad",NA
"2530",2530,"rakheeben",NA
"2531",2531,"mariebell",NA
"2532",2532,"davidcresd",NA
"2533",2533,"chiatang",NA
"2534",2534,"jianshu",NA
"2535",2535,"citanias",NA
"2536",2536,"shihwei",NA
"2537",2537,"hoiyuen",NA
"2538",2538,"ma.teresa",NA
"2539",2539,"dinhop",NA
"2540",2540,"carlos-antonio",NA
"2541",2541,"jenee'",NA
"2542",2542,"chang-yeong",NA
"2543",2543,"xiumei",NA
"2544",2544,"gee",NA
"2545",2545,"hardeep",NA
"2546",2546,"fan-wa",NA
"2547",2547,"shiou-jyuan",NA
"2548",2548,"maria-zenaida",NA
"2549",2549,"fathina",NA
"2550",2550,"o'bryan",NA
"2551",2551,"tuy",NA
"2552",2552,"guillermoa",NA
"2553",2553,"noname",NA
"2554",2554,"miu-wa-lori",NA
"2555",2555,"sr",NA
"2556",2556,"qiong",NA
"2557",2557,"harley",NA
"2558",2558,"thanhhuong",NA
"2559",2559,"rutheva",NA
"2560",2560,"sukman",NA
"2561",2561,"ceanne",NA
"2562",2562,"lorrainew",NA
"2563",2563,"yim-bing",NA
"2564",2564,"zu",NA
"2565",2565,"yinmui",NA
"2566",2566,"alesias",NA
"2567",2567,"zhou",NA
"2568",2568,"rolandoi",NA
"2569",2569,"ramonh",NA
"2570",2570,"o.j.",NA
"2571",2571,"wei-yan",NA
"2572",2572,"myong-hui",NA
"2573",2573,"b.",NA
"2574",2574,"wing-kit",NA
"2575",2575,"marycon",NA
"2576",2576,"wai-chu",NA
"2577",2577,"foo-soo",NA
"2578",2578,"jamison",NA
"2579",2579,"yunxiao",NA
"2580",2580,"jiehui",NA
"2581",2581,"junchi",NA
"2582",2582,"dolorest",NA
"2583",2583,"yun-ling",NA
"2584",2584,"ma.theresa",NA
"2585",2585,"jieven",NA
"2586",2586,"antonioc",NA
"2587",2587,"t'jade",NA
"2588",2588,"ethea",NA
"2589",2589,"meiyi",NA
"2590",2590,"baoling",NA
"2591",2591,"mutheu",NA
"2592",2592,"thu-suong",NA
"2593",2593,"baide",NA
"2594",2594,"permillia",NA
"2595",2595,"iheanyichukwu",NA
"2596",2596,"henh",NA
"2597",2597,"jefferyi",NA
"2598",2598,"huiqing",NA
"2599",2599,"loyma",NA
"2600",2600,"ajaypal",NA
"2601",2601,"tsui-ling",NA
"2602",2602,"sue-ellen",NA
"2603",2603,"evaristus",NA
"2604",2604,"emylene",NA
"2605",2605,"lihua",NA
"2606",2606,"xiuping",NA
"2607",2607,"dallas",NA
"2608",2608,"minyi",NA
"2609",2609,"kostyantyn",NA
"2610",2610,"jiries",NA
"2611",2611,"calvinn",NA
"2612",2612,"kimpreet",NA
"2613",2613,"amrit",NA
"2614",2614,"jiansheng",NA
"2615",2615,"franzo",NA
"2616",2616,"judann",NA
"2617",2617,"michel",NA
"2618",2618,"xu-he",NA
"2619",2619,"altagrasi",NA
"2620",2620,"hai-au",NA
"2621",2621,"ismayaindah",NA
"2622",2622,"peirong",NA
"2623",2623,"shandon",NA
"2624",2624,"johann",NA
"2625",2625,"loyce",NA
"2626",2626,"samasoni",NA
"2627",2627,"siew-chin",NA
"2628",2628,"nenh",NA
"2629",2629,"imtiazahmed",NA
"2630",2630,"mpheza",NA
"2631",2631,"shreepad",NA
"2632",2632,"cres",NA
"2633",2633,"chanying",NA
"2634",2634,"prishni",NA
"2635",2635,"faalai",NA
"2636",2636,"diwata",NA
"2637",2637,"se",NA
"2638",2638,"apinya",NA
"2639",2639,"lizhi",NA
"2640",2640,"xueyun",NA
"2641",2641,"charnine",NA
"2642",2642,"keiichiro",NA
"2643",2643,"sacha",NA
"2644",2644,"rainnyl",NA
"2645",2645,"nicoh",NA
"2646",2646,"shui-wan",NA
"2647",2647,"quynh-huong",NA
"2648",2648,"lichun",NA
"2649",2649,"arimig",NA
"2650",2650,"pasanio",NA
"2651",2651,"ramonik",NA
"2652",2652,"myanka",NA
"2653",2653,"u",NA
"2654",2654,"sou-fan",NA
"2655",2655,"zhihua",NA
"2656",2656,"fayard",NA
"2657",2657,"nima",NA
"2658",2658,"sirvaunte",NA
"2659",2659,"mo",NA
"2660",2660,"liore",NA
"2661",2661,"vitta",NA
"2662",2662,"alleliah",NA
"2663",2663,"daneshea",NA
"2664",2664,"jingjing",NA
"2665",2665,"martinie",NA
"2666",2666,"xiaoqin",NA
"2667",2667,"lichi",NA
"2668",2668,"sarojni",NA
"2669",2669,"qifan",NA
"2670",2670,"emmielyn",NA
"2671",2671,"ja'mazz",NA
"2672",2672,"anezi",NA
"2673",2673,"jiancai",NA
"2674",2674,"eddyson",NA
"2675",2675,"yanli",NA
"2676",2676,"liddon",NA
"2677",2677,"weilun",NA
"2678",2678,"yindong",NA
"2679",2679,"jinai",NA
"2680",2680,"marialma",NA
"2681",2681,"yaying",NA
"2682",2682,"ghentyl",NA
"2683",2683,"g.",NA
"2684",2684,"shawndalina",NA
"2685",2685,"hongxing",NA
"2686",2686,"marive",NA
"2687",2687,"ranjita",NA
"2688",2688,"daljitpal",NA
"2689",2689,"jehoiakim",NA
"2690",2690,"ogen",NA
"2691",2691,"abiy",NA
"2692",2692,"hirokazu",NA
"2693",2693,"kuldeep",NA
"2694",2694,"efream",NA
"2695",2695,"va",NA
"2696",2696,"retna",NA
"2697",2697,"demetrice",NA
"2698",2698,"quintecia",NA
"2699",2699,"iii",NA
"2700",2700,"adel",NA
"2701",2701,"suu",NA
"2702",2702,"virginny",NA
"2703",2703,"perenise",NA
"2704",2704,"sharawn",NA
"2705",2705,"gelethia",NA
"2706",2706,"faafeta",NA
"2707",2707,"necho",NA
"2708",2708,"mekole",NA
"2709",2709,"raynald-rean",NA
"2710",2710,"longjie",NA
"2711",2711,"wyndol",NA
"2712",2712,"madhanika",NA
"2713",2713,"yoke",NA
"2714",2714,"kalliroy",NA
"2715",2715,"skyler",NA
"2716",2716,"charvel",NA
"2717",2717,"joenie",NA
"2718",2718,"myraflor",NA
"2719",2719,"allyn-frances",NA
"2720",2720,"dongsheng",NA
"2721",2721,"wallas",NA
"2722",2722,"tammieka",NA
"2723",2723,"colomb",NA
"2724",2724,"tzyylon",NA
"2725",2725,"teeb",NA
"2726",2726,"banaag",NA
"2727",2727,"qijin",NA
"2728",2728,"gagendra",NA
"2729",2729,"chisom",NA
"2730",2730,"yanyu",NA
"2731",2731,"eoanna",NA
"2732",2732,"mackie",NA
"2733",2733,"phyo",NA
"2734",2734,"dilyana",NA
"2735",2735,"kemuelsam",NA
"2736",2736,"mungunbayar",NA
"2737",2737,"xueyi",NA
"2738",2738,"tenekea",NA
"2739",2739,"sharrial",NA
"2740",2740,"bridggette",NA
"2741",2741,"daricka",NA
"2742",2742,"paulesha",NA
"2743",2743,"nkena",NA
"2744",2744,"shirif",NA
"2745",2745,"gulshod",NA
"2746",2746,"lwin",NA
"2747",2747,"spacetta",NA
"2748",2748,"erekle",NA
"2749",2749,"darnis",NA
"2750",2750,"szu",NA
"2751",2751,"aleksiina",NA
"2752",2752,"tarde",NA
"2753",2753,"alamelu",NA
"2754",2754,"navelle",NA
"2755",2755,"chappell",NA
"2756",2756,"zhenting",NA
"2757",2757,"shallane",NA
"2758",2758,"coranizeva",NA
"2759",2759,"jimsee",NA
"2760",2760,"tuita",NA
"2761",2761,"henley",NA
"2762",2762,"huifang",NA
"2763",2763,"cortney",NA
"2764",2764,"le'kneesha",NA
"2765",2765,"inicki",NA
"2766",2766,"jose-luis",NA
"2767",2767,"lagiico",NA
"2768",2768,"ben-joaquin",NA
"2769",2769,"jessee",NA
"2770",2770,"mitchol",NA
"2771",2771,"crecy",NA
"2772",2772,"pwekedia",NA
"2773",2773,"levern",NA
"2774",2774,"danming",NA
"2775",2775,"maitreyee",NA
"2776",2776,"aeronda",NA
"2777",2777,"weiming",NA
"2778",2778,"pernaley",NA
"2779",2779,"wailing",NA
"2780",2780,"abriti",NA
"2781",2781,"rashonne",NA
"2782",2782,"vatima",NA
"2783",2783,"zheng-du",NA
"2784",2784,"aushantee",NA
"2785",2785,"yannis",NA
"2786",2786,"behailu",NA
"2787",2787,"marcheisha",NA
"2788",2788,"anel",NA
"2789",2789,"clariyon",NA
"2790",2790,"katy-lynn",NA
"2791",2791,"mileti",NA
"2792",2792,"peiyan",NA
"2793",2793,"larral",NA
"2794",2794,"nicole-faith",NA
"2795",2795,"shadi",NA
"2796",2796,"devough",NA
"2797",2797,"andom",NA
"2798",2798,"swe",NA
"2799",2799,"esio",NA
"2800",2800,"meihua",NA
"2801",2801,"rheka",NA
"2802",2802,"mathida",NA
"2803",2803,"theresa-marie",NA
"2804",2804,"haluk",NA
"2805",2805,"pankaj",NA
"2806",2806,"stack",NA
"2807",2807,"chiqui",NA
"2808",2808,"senoli",NA
"2809",2809,"lidziya",NA
"2810",2810,"charnikka",NA
"2811",2811,"joffer",NA
"2812",2812,"sakiusa",NA
"2813",2813,"lynell",NA
"2814",2814,"maxmilliano",NA
"2815",2815,"valesca",NA
"2816",2816,"eletise",NA
"2817",2817,"maytinee",NA
"2818",2818,"kenpou",NA
"2819",2819,"laneikah",NA
"2820",2820,"nanae",NA
"2821",2821,"shunnae",NA
"2822",2822,"renet",NA
"2823",2823,"dermaun",NA
"2824",2824,"dixa",NA
"2825",2825,"enele",NA
"2826",2826,"kasey",NA
"2827",2827,"dyne",NA
"2828",2828,"jugesta",NA
"2829",2829,"zhaowei",NA
"2830",2830,"keary",NA
"2831",2831,"wonna",NA
"2832",2832,"jurob",NA
"2833",2833,"alsedee",NA
"2834",2834,"maria-christina",NA
"2835",2835,"s",NA
"2836",2836,"marquette",NA
"2837",2837,"shataea",NA
"2838",2838,"ajaelon",NA
"2839",2839,"jahquece",NA
"2840",2840,"tatupu",NA
"2841",2841,"neftali",NA
"2842",2842,"beniyah",NA
"2843",2843,"mico",NA
"2844",2844,"de'ayne",NA
"2845",2845,"shickola",NA
"2846",2846,"rothany",NA
"2847",2847,"arnitial",NA
"2848",2848,"jay'quan",NA
"2849",2849,"yuyun",NA
"2850",2850,"juka",NA
"2851",2851,"devinelle",NA
"2852",2852,"bem",NA
"2853",2853,"dejie",NA
"2854",2854,"hibbis",NA
"2855",2855,"tallie",NA
"2856",2856,"frenzella",NA
"2857",2857,"sergii",NA
"2858",2858,"zoukui",NA
"2859",2859,"mirjam",NA
"2860",2860,"na'im",NA
"2861",2861,"e'rika",NA
"2862",2862,"charnella",NA
"2863",2863,"aubreyjoy",NA
"2864",2864,"xiushan",NA
"2865",2865,"saumirah",NA
"2866",2866,"lidoshka",NA
"2867",2867,"da'iyah",NA
"2868",2868,"leiyoni",NA
"2869",2869,"yienfia",NA
"2870",2870,"lorin",NA
"2871",2871,"evontay",NA
"2872",2872,"vandyke",NA
"2873",2873,"deepalaxmi",NA
"2874",2874,"ronet",NA
"2875",2875,"ashor",NA
"2876",2876,"suzun",NA
"2877",2877,"lixin",NA
"2878",2878,"grae",NA
"2879",2879,"tisileli",NA
"2880",2880,"jen",NA
"2881",2881,"j.",NA
"2882",2882,"demetrya",NA
"2883",2883,"adugnash-bizu",NA
"2884",2884,"licinia",NA
"2885",2885,"tadhge",NA
"2886",2886,"budiman",NA
"2887",2887,"lupine",NA
"2888",2888,"lingyi",NA
"2889",2889,"chabrika",NA
"2890",2890,"mazi",NA
"2891",2891,"gemmalyn",NA
"2892",2892,"latoshica",NA
"2893",2893,"romy",NA
"2894",2894,"bhaskar",NA
"2895",2895,"dae",NA
"2896",2896,"gezu",NA
"2897",2897,"jusel",NA
"2898",2898,"liwen",NA
"2899",2899,"chen-hsuan",NA
"2900",2900,"graciela-aileen",NA
"2901",2901,"weiguo",NA
"2902",2902,"domonique",NA
"2903",2903,"gasil",NA
"2904",2904,"minouche",NA
"2905",2905,"avinesh",NA
"2906",2906,"xiaoming",NA
"2907",2907,"gennadiy",NA
"2908",2908,"qiuting",NA
"2909",2909,"yuchun",NA
"2910",2910,"ansar-juju",NA
"2911",2911,"shalocmont",NA
"2912",2912,"abedoon",NA
"2913",2913,"ramey",NA
"2914",2914,"jiaxin",NA
"2915",2915,"calen",NA
"2916",2916,"hanwei",NA
"2917",2917,"neilsen",NA
"2918",2918,"limbert",NA
"2919",2919,"fantacee",NA
"2920",2920,"orla",NA
"2921",2921,"ronkenia",NA
"2922",2922,"rhoyalbaibe",NA
"2923",2923,"jasonte",NA
"2924",2924,"kwang-heng",NA
"2925",2925,"wenan",NA
"2926",2926,"xiaochao",NA
"2927",2927,"bernardus",NA
"2928",2928,"charley",NA
"2929",2929,"osina",NA
"2930",2930,"shea",NA
"2931",2931,"miyoon",NA
"2932",2932,"mitchelle",NA
"2933",2933,"sophear",NA
"2934",2934,"tiamanika",NA
"2935",2935,"jinglu",NA
"2936",2936,"vincin",NA
"2937",2937,"wingcheong",NA
"2938",2938,"perlito",NA
"2939",2939,"khorla",NA
"2940",2940,"yanhui",NA
"2941",2941,"menaka",NA
"2942",2942,"mawuli",NA
"2943",2943,"ty-sonja",NA
"2944",2944,"flenoy",NA
"2945",2945,"reiber",NA
"2946",2946,"cy",NA
"2947",2947,"jovelin",NA
"2948",2948,"akira",NA
"2949",2949,"waimen",NA
"2950",2950,"chym",NA
"2951",2951,"dell",NA
"2952",2952,"sneh",NA
"2953",2953,"cherubin",NA
"2954",2954,"lorlani",NA
"2955",2955,"zhalya",NA
"2956",2956,"pelzie",NA
"2957",2957,"cheron",NA
"2958",2958,"edwardmichael",NA
"2959",2959,"faran",NA
"2960",2960,"shuyan",NA
"2961",2961,"pranil",NA
"2962",2962,"toborri",NA
"2963",2963,"teliece",NA
"2964",2964,"inyoung",NA
"2965",2965,"onsomu",NA
"2966",2966,"abranila",NA
"2967",2967,"gurshamsher",NA
"2968",2968,"terichael",NA
"2969",2969,"letay",NA
"2970",2970,"marrieta",NA
"2971",2971,"melvictor",NA
"2972",2972,"dandan",NA
"2973",2973,"laurice",NA
"2974",2974,"yali",NA
"2975",2975,"aiola",NA
"2976",2976,"xiaoting",NA
"2977",2977,"daisyrae",NA
"2978",2978,"biao",NA
"2979",2979,"shahde",NA
"2980",2980,"sophay",NA
"2981",2981,"jiemei",NA
"2982",2982,"yamiao",NA
"2983",2983,"jadawn",NA
"2984",2984,"pernisha",NA
"2985",2985,"yanting",NA
"2986",2986,"lilyn",NA
"2987",2987,"indahwati",NA
"2988",2988,"aiting",NA
"2989",2989,"iyabo",NA
"2990",2990,"phurbu",NA
"2991",2991,"guidong",NA
"2992",2992,"tahonnie",NA
"2993",2993,"delly",NA
"2994",2994,"iveht",NA
"2995",2995,"kriesberg",NA
"2996",2996,"detrona",NA
"2997",2997,"meibeck",NA
"2998",2998,"szekai",NA
"2999",2999,"ailheen",NA
"3000",3000,"wu",NA
"3001",3001,"remi",NA
"3002",3002,"vy",NA
"3003",3003,"xiaobing",NA
"3004",3004,"eiliesh",NA
"3005",3005,"itzli",NA
"3006",3006,"mewael",NA
"3007",3007,"ju",NA
"3008",3008,"chesten",NA
"3009",3009,"keenith",NA
"3010",3010,"debonne",NA
"3011",3011,"aeleah",NA
"3012",3012,"edirin",NA
"3013",3013,"rian",NA
"3014",3014,"mekdelawit",NA
"3015",3015,"sanioata",NA
"3016",3016,"deqi",NA
"3017",3017,"phenion",NA
"3018",3018,"shornora",NA
"3019",3019,"xinmei",NA
"3020",3020,"a.k.",NA
"3021",3021,"kup",NA
"3022",3022,"samatuafaiga",NA
"3023",3023,"dzmitry",NA
"3024",3024,"metuisela",NA
"3025",3025,"hameza",NA
"3026",3026,"secoiya",NA
"3027",3027,"joannerry",NA
"3028",3028,"wingyiu",NA
"3029",3029,"xingan",NA
"3030",3030,"lujun",NA
"3031",3031,"roe",NA
"3032",3032,"naho",NA
"3033",3033,"muying",NA
"3034",3034,"ladeonte",NA
"3035",3035,"jarun",NA
"3036",3036,"erivelton",NA
"3037",3037,"ceabe",NA
"3038",3038,"drumon",NA
"3039",3039,"rowina",NA
"3040",3040,"lakeevia",NA
"3041",3041,"thieu",NA
"3042",3042,"lacreea",NA
"3043",3043,"j'wel",NA
"3044",3044,"zohreh",NA
"3045",3045,"ronell",NA
"3046",3046,"melshawnda",NA
"3047",3047,"troyce",NA
"3048",3048,"chantiy",NA
"3049",3049,"rionda",NA
"3050",3050,"jemeese",NA
"3051",3051,"keenia",NA
"3052",3052,"clincy",NA
"3053",3053,"leaotis",NA
"3054",3054,"tevi",NA
"3055",3055,"vainessa",NA
"3056",3056,"tomilade",NA
"3057",3057,"sergiy",NA
"3058",3058,"romicelle",NA
"3059",3059,"gintah",NA
"3060",3060,"shiiasia",NA
"3061",3061,"ishwor",NA
"3062",3062,"guodong",NA
"3063",3063,"jogracia",NA
"3064",3064,"trishena",NA
"3065",3065,"geralcir",NA
"3066",3066,"tyawarry",NA
"3067",3067,"omotayo",NA
"3068",3068,"shaoxian",NA
"3069",3069,"torrey",NA
"3070",3070,"edar",NA
"3071",3071,"pastora",NA
"3072",3072,"tien",NA
"3073",3073,"asonti",NA
"3074",3074,"jehnsen",NA
"3075",3075,"da",NA
"3076",3076,"berhanu",NA
"3077",3077,"eimel",NA
"3078",3078,"chethana",NA
"3079",3079,"laurenthia",NA
"3080",3080,"xiangwen",NA
"3081",3081,"eider",NA
"3082",3082,"shuxiong",NA
"3083",3083,"royisha",NA
"3084",3084,"jerusalem",NA
"3085",3085,"addison",NA
"3086",3086,"germond",NA
"3087",3087,"su-wen",NA
"3088",3088,"maiyio",NA
"3089",3089,"bich-nhien",NA
"3090",3090,"mazetta",NA
"3091",3091,"villy",NA
"3092",3092,"dorka",NA
"3093",3093,"damiain",NA
"3094",3094,"yakko",NA
"3095",3095,"faafeumalo",NA
"3096",3096,"kusuma",NA
"3097",3097,"vunetta",NA
"3098",3098,"morgangrachel",NA
"3099",3099,"murlvin",NA
"3100",3100,"rama",NA
"3101",3101,"jonick",NA
"3102",3102,"talatonu",NA
"3103",3103,"liyun",NA
"3104",3104,"dejaniera",NA
"3105",3105,"bacchus",NA
"3106",3106,"yansong",NA
"3107",3107,"mattesha",NA
"3108",3108,"xiaodong",NA
"3109",3109,"shareetha",NA
"3110",3110,"yuehuan",NA
"3111",3111,"gydian",NA
"3112",3112,"carmeena",NA
"3113",3113,"anath",NA
"3114",3114,"venizelos",NA
"3115",3115,"iman",NA
"3116",3116,"justice",NA
"3117",3117,"zayeem",NA
"3118",3118,"bhagyashree",NA
"3119",3119,"allante",NA
"3120",3120,"jhondi",NA
"3121",3121,"xiaotao",NA
"3122",3122,"letusia",NA
"3123",3123,"jasmenda",NA
"3124",3124,"derussa",NA
"3125",3125,"hongyan",NA
"3126",3126,"kabari",NA
"3127",3127,"sepa",NA
"3128",3128,"kansai",NA
"3129",3129,"liqun",NA
"3130",3130,"wazhma",NA
"3131",3131,"shonlatoia",NA
"3132",3132,"luapou",NA
"3133",3133,"le'shay",NA
"3134",3134,"shufen",NA
"3135",3135,"nasan",NA
"3136",3136,"shambhala",NA
"3137",3137,"shadieja",NA
"3138",3138,"reuvelaine",NA
"3139",3139,"zhongxing",NA
"3140",3140,"jadara",NA
"3141",3141,"ladell",NA
"3142",3142,"rushek",NA
"3143",3143,"yongchi",NA
"3144",3144,"allandis",NA
"3145",3145,"rhomalyn",NA
"3146",3146,"emelle",NA
"3147",3147,"buenafe",NA
"3148",3148,"esalina",NA
"3149",3149,"rineh",NA
"3150",3150,"apolinario",NA
"3151",3151,"shareefun",NA
"3152",3152,"adejumoke",NA
"3153",3153,"bei",NA
"3154",3154,"sonam",NA
"3155",3155,"nu",NA
"3156",3156,"xingyan",NA
"3157",3157,"carriesha",NA
"3158",3158,"norlita",NA
"3159",3159,"ethiopes",NA
"3160",3160,"shaquett",NA
"3161",3161,"de'janay",NA
"3162",3162,"biling",NA
"3163",3163,"josedel",NA
"3164",3164,"errie",NA
"3165",3165,"osun",NA
"3166",3166,"cuixing",NA
"3167",3167,"qyhnysha",NA
"3168",3168,"chandler",NA
"3169",3169,"eung",NA
"3170",3170,"jl'damone",NA
"3171",3171,"zhuangming",NA
"3172",3172,"enes",NA
"3173",3173,"amole",NA
"3174",3174,"tennyson",NA
"3175",3175,"equaan",NA
"3176",3176,"laosamoa",NA
"3177",3177,"kieran",NA
"3178",3178,"shivela",NA
"3179",3179,"sugyn",NA
"3180",3180,"mieshael",NA
"3181",3181,"josaliza",NA
"3182",3182,"kelechi",NA
"3183",3183,"jeberechiah",NA
"3184",3184,"aloilela",NA
"3185",3185,"ke'shae",NA
"3186",3186,"myka",NA
"3187",3187,"rinzing",NA
"3188",3188,"ra",NA
"3189",3189,"jai",NA
"3190",3190,"rolendo",NA
"3191",3191,"shaobo",NA
"3192",3192,"udval",NA
"3193",3193,"siutaka",NA
"3194",3194,"rhodel",NA
"3195",3195,"inwoo",NA
"3196",3196,"keimani",NA
"3197",3197,"latiece",NA
"3198",3198,"marizella",NA
"3199",3199,"de'janae",NA
"3200",3200,"bitao",NA
"3201",3201,"d'undri",NA
"3202",3202,"shade",NA
"3203",3203,"shanalyn",NA
"3204",3204,"azidine",NA
"3205",3205,"jose-diego",NA
"3206",3206,"century",NA
"3207",3207,"laboyd",NA
"3208",3208,"aneata",NA
"3209",3209,"sahlu",NA
"3210",3210,"carlen",NA
"3211",3211,"mesepa",NA
"3212",3212,"domenique",NA
"3213",3213,"wangsen",NA
"3214",3214,"belainesh",NA
"3215",3215,"emann",NA
"3216",3216,"mukt",NA
"3217",3217,"yanling",NA
"3218",3218,"tiajhanna",NA
"3219",3219,"teagan",NA
"3220",3220,"neekol",NA
"3221",3221,"zhicong",NA
"3222",3222,"zainabu",NA
"3223",3223,"brighton",NA
"3224",3224,"leol",NA
"3225",3225,"kofoworola",NA
"3226",3226,"vijayanand",NA
"3227",3227,"poncieno",NA
"3228",3228,"darryelle",NA
"3229",3229,"htein",NA
"3230",3230,"myat",NA
"3231",3231,"jaganmay",NA
"3232",3232,"riska",NA
"3233",3233,"eunejune",NA
"3234",3234,"phetsamorn",NA
"3235",3235,"montiel",NA
"3236",3236,"lidette",NA
"3237",3237,"yunsian",NA
"3238",3238,"hemiar",NA
"3239",3239,"kaiming",NA
"3240",3240,"teotimo",NA
"3241",3241,"tung-tai",NA
"3242",3242,"htet",NA
"3243",3243,"palminder",NA
"3244",3244,"hedwing",NA
"3245",3245,"neshea",NA
"3246",3246,"iswari",NA
"3247",3247,"puiyuk",NA
"3248",3248,"fionny",NA
"3249",3249,"tuyet-van",NA
"3250",3250,"alemayehu",NA
"3251",3251,"kara-ann",NA
"3252",3252,"ichieh",NA
"3253",3253,"shin-yu",NA
"3254",3254,"ayoola",NA
"3255",3255,"wankun",NA
"3256",3256,"shaowen",NA
"3257",3257,"usa",NA
"3258",3258,"jiayi",NA
"3259",3259,"raeshawn",NA
"3260",3260,"malaly",NA
"3261",3261,"tewabe",NA
"3262",3262,"tasawan",NA
"3263",3263,"mykael",NA
"3264",3264,"surayna",NA
"3265",3265,"norverto",NA
"3266",3266,"fai",NA
"3267",3267,"yingying",NA
"3268",3268,"jinghui",NA
"3269",3269,"dionycius",NA
"3270",3270,"zhuojun",NA
"3271",3271,"sokheang",NA
"3272",3272,"chaeron",NA
"3273",3273,"everilda",NA
"3274",3274,"teslane",NA
"3275",3275,"linwan",NA
"3276",3276,"jhun",NA
"3277",3277,"abu-sirajahamad",NA
"3278",3278,"abenet",NA
"3279",3279,"meiwan",NA
"3280",3280,"guihao",NA
"3281",3281,"zhaolun",NA
"3282",3282,"leialani",NA
"3283",3283,"brieyen",NA
"3284",3284,"srijesh",NA
"3285",3285,"enqiu",NA
"3286",3286,"lyvell",NA
"3287",3287,"xunqiang",NA
"3288",3288,"wenyong",NA
"3289",3289,"dishina",NA
"3290",3290,"enyinnaya",NA
"3291",3291,"parmjit",NA
"3292",3292,"merter",NA
"3293",3293,"hinde",NA
"3294",3294,"peyton",NA
"3295",3295,"xiao-ming",NA
"3296",3296,"w.",NA
"3297",3297,"damoun",NA
"3298",3298,"minh-tam",NA
"3299",3299,"rickhi",NA
"3300",3300,"ahmadullah",NA
"3301",3301,"sailaja",NA
"3302",3302,"cache",NA
"3303",3303,"biyi",NA
"3304",3304,"tianlong",NA
"3305",3305,"abnous",NA
"3306",3306,"myeda",NA
"3307",3307,"swahilli",NA
"3308",3308,"kamlin",NA
"3309",3309,"rowmeeka",NA
"3310",3310,"marhya",NA
"3311",3311,"vaisioa",NA
"3312",3312,"dahmane",NA
"3313",3313,"raleigh",NA
"3314",3314,"marley",NA
"3315",3315,"delmis",NA
"3316",3316,"funmi",NA
"3317",3317,"ruoming",NA
"3318",3318,"pin",NA
"3319",3319,"frog",NA
"3320",3320,"henrico",NA
"3321",3321,"chih-wei",NA
"3322",3322,"juxian",NA
"3323",3323,"fikremariam",NA
"3324",3324,"dhakir",NA
"3325",3325,"detrone",NA
"3326",3326,"sootyin",NA
"3327",3327,"yael",NA
"3328",3328,"mengzhu",NA
"3329",3329,"verlyn",NA
"3330",3330,"gusti",NA
"3331",3331,"hamitouche",NA
"3332",3332,"vernaya",NA
"3333",3333,"dongqing",NA
"3334",3334,"bhanu",NA
"3335",3335,"yunli",NA
"3336",3336,"gurmanpreet",NA
"3337",3337,"ratul",NA
"3338",3338,"jathnael",NA
"3339",3339,"mashel",NA
"3340",3340,"therese-clare",NA
"3341",3341,"wanwen",NA
"3342",3342,"merhawit",NA
"3343",3343,"huiyan",NA
"3344",3344,"phon",NA
"3345",3345,"yan-ping",NA
"3346",3346,"floyell",NA
"3347",3347,"dongling",NA
"3348",3348,"ermelo",NA
"3349",3349,"ruszell",NA
"3350",3350,"tek",NA
"3351",3351,"demarkius",NA
"3352",3352,"amel",NA
"3353",3353,"chaune",NA
"3354",3354,"dharita",NA
"3355",3355,"ranola",NA
"3356",3356,"shae",NA
"3357",3357,"cotys",NA
"3358",3358,"weiwen",NA
"3359",3359,"yihong",NA
"3360",3360,"yip",NA
"3361",3361,"jamit",NA
"3362",3362,"viacheslav",NA
"3363",3363,"mariegin",NA
"3364",3364,"yunci",NA
"3365",3365,"kangyu",NA
"3366",3366,"geyona",NA
"3367",3367,"ladyanne",NA
"3368",3368,"bokime",NA
"3369",3369,"liuxin",NA
"3370",3370,"alejnadro",NA
"3371",3371,"veljon",NA
"3372",3372,"uili",NA
"3373",3373,"sadeq",NA
"3374",3374,"naing",NA
"3375",3375,"balwinder",NA
"3376",3376,"maika",NA
"3377",3377,"neri",NA
"3378",3378,"saron",NA
"3379",3379,"krity",NA
"3380",3380,"doshea",NA
"3381",3381,"da'neisha",NA
"3382",3382,"dheyanira",NA
"3383",3383,"suhe",NA
"3384",3384,"dushyant",NA
"3385",3385,"mayvelyn",NA
"3386",3386,"joudere",NA
"3387",3387,"alijan",NA
"3388",3388,"donie",NA
"3389",3389,"colleece",NA
"3390",3390,"nayantara",NA
"3391",3391,"jiaolan",NA
"3392",3392,"alkarim",NA
"3393",3393,"yutang",NA
"3394",3394,"linlin",NA
"3395",3395,"sainie",NA
"3396",3396,"tsige",NA
"3397",3397,"getahun",NA
"3398",3398,"decem",NA
"3399",3399,"baocong",NA
"3400",3400,"lembert",NA
"3401",3401,"runako",NA
"3402",3402,"alexeh",NA
"3403",3403,"ahmat",NA
"3404",3404,"levictor",NA
"3405",3405,"touch",NA
"3406",3406,"zhida",NA
"3407",3407,"haison",NA
"3408",3408,"vonnique",NA
"3409",3409,"cenen",NA
"3410",3410,"gabriele",NA
"3411",3411,"jinhai",NA
"3412",3412,"brytanee",NA
"3413",3413,"raph",NA
"3414",3414,"torian",NA
"3415",3415,"joie",NA
"3416",3416,"kemari",NA
"3417",3417,"johns",NA
"3418",3418,"nining",NA
"3419",3419,"khristophre",NA
"3420",3420,"waltero",NA
"3421",3421,"runeka",NA
"3422",3422,"zhengchao",NA
"3423",3423,"tuyen",NA
"3424",3424,"djamal",NA
"3425",3425,"efreme",NA
"3426",3426,"zubedah",NA
"3427",3427,"keaney",NA
"3428",3428,"narantsetseg",NA
"3429",3429,"zayar",NA
"3430",3430,"ronanthony",NA
"3431",3431,"melianawati",NA
"3432",3432,"tewfik",NA
"3433",3433,"chieu",NA
"3434",3434,"zhiming",NA
"3435",3435,"jinling",NA
"3436",3436,"ladra",NA
"3437",3437,"kanh",NA
"3438",3438,"tapiwa",NA
"3439",3439,"junnel",NA
"3440",3440,"shaoling",NA
"3441",3441,"saalem",NA
"3442",3442,"vincena",NA
"3443",3443,"paak",NA
"3444",3444,"roshannak",NA
"3445",3445,"yosadara",NA
"3446",3446,"jovanti",NA
"3447",3447,"taivale",NA
"3448",3448,"taymoor",NA
"3449",3449,"xingyi",NA
"3450",3450,"darwrishi",NA
"3451",3451,"ofir",NA
"3452",3452,"robertneisha",NA
"3453",3453,"nayche",NA
"3454",3454,"johndy",NA
"3455",3455,"shochi",NA
"3456",3456,"sanly",NA
"3457",3457,"nikita",NA
"3458",3458,"rheneka",NA
"3459",3459,"weijun",NA
"3460",3460,"kusha",NA
"3461",3461,"clarito",NA
"3462",3462,"tedy",NA
"3463",3463,"darlingten",NA
"3464",3464,"dewarte",NA
"3465",3465,"vandor",NA
"3466",3466,"yueh",NA
"3467",3467,"veneya",NA
"3468",3468,"sermin",NA
"3469",3469,"letoyacecile",NA
"3470",3470,"angine",NA
"3471",3471,"monney",NA
"3472",3472,"miaofen",NA
"3473",3473,"abdelilah",NA
"3474",3474,"stepa",NA
"3475",3475,"altif",NA
"3476",3476,"adisa",NA
"3477",3477,"enkenyelesh",NA
"3478",3478,"troi",NA
"3479",3479,"lavell",NA
"3480",3480,"fuiolevaga",NA
"3481",3481,"guong",NA
"3482",3482,"martha-hau",NA
"3483",3483,"jiancong",NA
"3484",3484,"jeremyn",NA
"3485",3485,"ravin",NA
"3486",3486,"wanglan",NA
"3487",3487,"horepa",NA
"3488",3488,"selja",NA
"3489",3489,"grandelle",NA
"3490",3490,"melissa-kathrina",NA
"3491",3491,"dejianna",NA
"3492",3492,"niusha",NA
"3493",3493,"dazahlee",NA
"3494",3494,"rashare",NA
"3495",3495,"andalusia",NA
"3496",3496,"centa",NA
"3497",3497,"gunburd",NA
"3498",3498,"yongting",NA
"3499",3499,"carneice",NA
"3500",3500,"miandre",NA
"3501",3501,"lichan",NA
"3502",3502,"teruwork",NA
"3503",3503,"amal",NA
"3504",3504,"moneesha",NA
"3505",3505,"jescina",NA
"3506",3506,"jinfeng",NA
"3507",3507,"hongjie",NA
"3508",3508,"saradia",NA
"3509",3509,"wooyeon",NA
"3510",3510,"lafayete",NA
"3511",3511,"xiaolian",NA
"3512",3512,"troia",NA
"3513",3513,"aquarius",NA
"3514",3514,"heeman",NA
"3515",3515,"jiamin",NA
"3516",3516,"khari",NA
"3517",3517,"gruber",NA
"3518",3518,"lexy-marie",NA
"3519",3519,"cirmel",NA
"3520",3520,"charon",NA
"3521",3521,"lashon",NA
"3522",3522,"givoni",NA
"3523",3523,"aondray",NA
"3524",3524,"firuz",NA
"3525",3525,"shuwo",NA
"3526",3526,"raeell",NA
"3527",3527,"seannis",NA
"3528",3528,"randanesha",NA
"3529",3529,"gerapie",NA
"3530",3530,"ra'nasia",NA
"3531",3531,"rojae",NA
"3532",3532,"sheroza",NA
"3533",3533,"danielray",NA
"3534",3534,"zipeng",NA
"3535",3535,"ghufran",NA
"3536",3536,"jieying",NA
"3537",3537,"lekaya",NA
"3538",3538,"aubanie",NA
"3539",3539,"eveling",NA
"3540",3540,"chesdon",NA
"3541",3541,"julios",NA
"3542",3542,"jolly",NA
"3543",3543,"vegas",NA
"3544",3544,"villana",NA
"3545",3545,"nichan",NA
"3546",3546,"myronisha",NA
"3547",3547,"amoni",NA
"3548",3548,"vonheinrick",NA
"3549",3549,"winita",NA
"3550",3550,"fiapapalagi",NA
"3551",3551,"kathyrina",NA
"3552",3552,"nobumi",NA
"3553",3553,"kayiu",NA
"3554",3554,"glaucen",NA
"3555",3555,"jingmin",NA
"3556",3556,"zhihao",NA
"3557",3557,"barjah",NA
"3558",3558,"jahsendee",NA
"3559",3559,"myckiel",NA
"3560",3560,"deewayne",NA
"3561",3561,"mayali",NA
"3562",3562,"legalo",NA
"3563",3563,"aujshanya",NA
"3564",3564,"mzeweini",NA
"3565",3565,"amati",NA
"3566",3566,"andremar",NA
"3567",3567,"kasanita",NA
"3568",3568,"fredizminda",NA
"3569",3569,"leolupe",NA
"3570",3570,"jomari",NA
"3571",3571,"jennisie",NA
"3572",3572,"attilda",NA
"3573",3573,"qiaoting",NA
"3574",3574,"farahnaz",NA
"3575",3575,"carnell",NA
"3576",3576,"jessiangelys",NA
"3577",3577,"fa'atupu",NA
"3578",3578,"zhimin",NA
"3579",3579,"ashante",NA
"3580",3580,"yangning",NA
"3581",3581,"bo-yee",NA
"3582",3582,"desi",NA
"3583",3583,"zizhen",NA
"3584",3584,"beeior",NA
"3585",3585,"d'annii",NA
"3586",3586,"aurion",NA
"3587",3587,"ragnimwende",NA
"3588",3588,"falealii",NA
"3589",3589,"pages",NA
"3590",3590,"keitriscyia",NA
"3591",3591,"elvialuz",NA
"3592",3592,"sami",NA
"3593",3593,"taylos",NA
"3594",3594,"jianan",NA
"3595",3595,"utkir",NA
"3596",3596,"toti",NA
"3597",3597,"siuii",NA
"3598",3598,"trayvonte",NA
"3599",3599,"afakasi",NA
